id,emp_no,dept_no,from_date,to_date
44,10040,d008,2002-01-22,9999-01-01
328,10298,d004,2002-05-05,9999-01-01
666,10604,d004,2002-07-29,9999-01-01
751,10681,d001,2002-01-08,9999-01-01
1108,11004,d006,2002-06-19,9999-01-01
1204,11092,d001,2002-04-25,9999-01-01
1607,11456,d004,2002-01-24,9999-01-01
1821,11649,d008,2002-06-22,9999-01-01
1913,11732,d009,2002-07-12,9999-01-01
2316,12098,d001,2002-07-04,9999-01-01
2459,12226,d008,2002-05-30,9999-01-01
3178,12877,d005,2002-06-11,9999-01-01
3280,12968,d006,2002-05-16,9999-01-01
3759,13402,d008,2002-02-26,9999-01-01
3821,13458,d009,2002-02-02,9999-01-01
3897,13528,d001,2002-02-03,9999-01-01
3908,13538,d005,2002-05-05,9999-01-01
4222,13822,d001,2002-03-28,2002-05-22
4275,13870,d004,2002-05-30,9999-01-01
4617,14179,d009,2002-05-06,9999-01-01
4830,14372,d008,2002-06-02,9999-01-01
5077,14596,d004,2002-03-17,9999-01-01
5511,14989,d005,2002-06-17,9999-01-01
5976,15410,d001,2002-04-15,9999-01-01
6234,15643,d004,2002-02-16,9999-01-01
6255,15662,d004,2002-01-11,9999-01-01
6314,15715,d001,2002-01-15,9999-01-01
6335,15734,d004,2002-01-30,9999-01-01
6348,15745,d008,2002-01-26,9999-01-01
6511,15893,d004,2002-01-14,9999-01-01
6554,15932,d001,2002-01-15,9999-01-01
6706,16070,d004,2002-02-10,9999-01-01
6765,16122,d008,2002-03-07,9999-01-01
6775,16132,d005,2002-02-03,9999-01-01
6930,16272,d008,2002-04-05,9999-01-01
6988,16325,d008,2002-05-05,9999-01-01
7391,16689,d008,2002-03-17,9999-01-01
7477,16768,d004,2002-01-03,9999-01-01
7722,16989,d009,2002-03-23,9999-01-01
8197,17419,d006,2002-05-11,9999-01-01
8352,17559,d008,2002-03-31,9999-01-01
8895,18050,d004,2002-03-09,9999-01-01
9013,18157,d004,2002-07-25,9999-01-01
9631,18716,d008,2002-02-23,9999-01-01
9870,18931,d009,2002-01-16,9999-01-01
10559,19555,d005,2002-01-05,9999-01-01
10796,19770,d001,2002-06-12,9999-01-01
10870,19836,d009,2002-02-06,9999-01-01
11219,20152,d004,2002-07-23,9999-01-01
11366,20285,d004,2002-01-25,9999-01-01
11521,20424,d009,2002-01-03,9999-01-01
11606,20501,d008,2002-07-08,9999-01-01
11666,20556,d004,2002-07-10,9999-01-01
11811,20686,d009,2002-03-31,9999-01-01
11831,20705,d004,2002-05-01,9999-01-01
11952,20814,d004,2002-06-21,9999-01-01
12016,20871,d009,2002-06-12,9999-01-01
12068,20918,d007,2002-03-10,9999-01-01
12139,20983,d005,2002-05-25,9999-01-01
12296,21125,d001,2002-07-12,9999-01-01
12473,21283,d003,2002-02-06,9999-01-01
12763,21546,d001,2002-03-19,9999-01-01
12937,21703,d004,2002-01-14,9999-01-01
12999,21758,d009,2002-07-31,9999-01-01
13113,21861,d008,2002-02-26,9999-01-01
13233,21970,d001,2002-03-19,9999-01-01
13355,22080,d005,2002-03-27,9999-01-01
13471,22185,d004,2002-06-12,9999-01-01
13514,22223,d009,2002-07-21,9999-01-01
13524,22233,d002,2002-06-17,9999-01-01
13608,22308,d008,2002-05-22,9999-01-01
14072,22729,d004,2002-02-19,9999-01-01
14306,22939,d008,2002-01-07,9999-01-01
14463,23082,d004,2002-03-01,9999-01-01
14522,23136,d004,2002-01-26,9999-01-01
14781,23369,d003,2002-06-07,9999-01-01
15271,23814,d001,2002-06-08,9999-01-01
15917,24397,d007,2002-05-16,9999-01-01
16123,24584,d009,2002-02-10,9999-01-01
16444,24874,d006,2002-05-13,9999-01-01
16453,24883,d005,2002-01-09,9999-01-01
16569,24987,d008,2002-02-26,9999-01-01
16612,25026,d008,2002-03-18,9999-01-01
17200,25558,d006,2002-05-26,9999-01-01
17212,25569,d009,2002-01-29,9999-01-01
17314,25661,d009,2002-03-20,9999-01-01
17344,25688,d008,2002-07-29,9999-01-01
17394,25734,d004,2002-07-31,9999-01-01
17667,25980,d004,2002-01-26,9999-01-01
17992,26274,d004,2002-05-25,9999-01-01
18584,26809,d009,2002-01-16,9999-01-01
18698,26913,d001,2002-06-09,9999-01-01
18718,26931,d004,2002-01-15,9999-01-01
18749,26958,d008,2002-07-31,9999-01-01
18779,26986,d004,2002-01-10,9999-01-01
19344,27498,d002,2002-05-31,9999-01-01
19465,27608,d004,2002-07-04,9999-01-01
19519,27657,d004,2002-03-17,9999-01-01
19700,27819,d008,2002-03-05,9999-01-01
19721,27838,d006,2002-06-28,9999-01-01
19740,27856,d004,2002-07-08,9999-01-01
19772,27884,d006,2002-07-01,9999-01-01
19939,28036,d004,2002-02-14,9999-01-01
20008,28098,d001,2002-04-11,9999-01-01
20139,28216,d009,2002-06-06,9999-01-01
20149,28225,d009,2002-01-12,9999-01-01
20534,28574,d005,2002-04-22,9999-01-01
20631,28662,d002,2002-01-05,9999-01-01
20813,28826,d004,2002-03-16,9999-01-01
20843,28852,d008,2002-03-21,9999-01-01
20967,28964,d003,2002-03-06,9999-01-01
21198,29174,d001,2002-03-05,9999-01-01
21673,29603,d007,2002-05-28,9999-01-01
21693,29622,d005,2002-04-04,9999-01-01
22242,30120,d004,2002-02-25,9999-01-01
22603,30446,d006,2002-05-10,9999-01-01
22670,30506,d009,2002-06-17,9999-01-01
22821,30643,d009,2002-07-21,9999-01-01
22918,30732,d004,2002-01-03,9999-01-01
22930,30742,d007,2002-06-12,9999-01-01
23018,30823,d004,2002-07-19,9999-01-01
23095,30892,d008,2002-02-02,9999-01-01
23209,30996,d005,2002-03-22,9999-01-01
23253,31036,d004,2002-05-13,9999-01-01
23440,31206,d004,2002-07-06,9999-01-01
23531,31288,d009,2002-01-25,9999-01-01
23857,31583,d009,2002-04-09,9999-01-01
23952,31669,d006,2002-07-11,9999-01-01
24294,31978,d008,2002-02-03,9999-01-01
24333,32013,d009,2002-02-27,9999-01-01
24387,32062,d003,2002-01-18,9999-01-01
24513,32177,d001,2002-05-07,9999-01-01
24626,32278,d009,2002-03-21,9999-01-01
24715,32360,d004,2002-02-18,9999-01-01
24933,32557,d006,2002-04-10,9999-01-01
25148,32751,d008,2002-06-15,9999-01-01
25206,32804,d001,2002-03-03,9999-01-01
26058,33573,d006,2002-06-21,9999-01-01
26397,33880,d005,2002-07-02,9999-01-01
26689,34144,d002,2002-04-19,9999-01-01
26751,34199,d006,2002-05-07,9999-01-01
26944,34373,d009,2002-07-10,9999-01-01
27163,34571,d008,2002-06-20,9999-01-01
27427,34810,d009,2002-03-02,9999-01-01
27635,34998,d009,2002-01-26,9999-01-01
27645,35008,d001,2002-07-15,9999-01-01
27718,35073,d009,2002-01-24,9999-01-01
27882,35222,d001,2002-04-22,9999-01-01
27916,35253,d001,2002-07-23,9999-01-01
27997,35326,d005,2002-01-02,9999-01-01
28277,35578,d009,2002-04-21,2002-07-15
28367,35659,d009,2002-01-17,9999-01-01
28774,36028,d004,2002-04-11,9999-01-01
28876,36119,d006,2002-05-23,9999-01-01
28897,36138,d009,2002-07-11,9999-01-01
29169,36384,d007,2002-01-28,9999-01-01
29243,36451,d008,2002-05-25,9999-01-01
29464,36651,d008,2002-05-20,9999-01-01
29674,36841,d004,2002-07-11,9999-01-01
29845,36995,d008,2002-04-27,9999-01-01
29876,37024,d005,2002-07-22,9999-01-01
29985,37121,d006,2002-01-21,9999-01-01
30134,37257,d005,2002-05-16,9999-01-01
30194,37310,d009,2002-07-21,9999-01-01
30368,37468,d004,2002-02-13,9999-01-01
30411,37507,d001,2002-03-26,9999-01-01
30486,37574,d007,2002-04-20,9999-01-01
30598,37676,d008,2002-07-24,9999-01-01
31193,38216,d001,2002-06-14,9999-01-01
31228,38248,d001,2002-07-24,9999-01-01
31272,38288,d001,2002-06-04,9999-01-01
31356,38364,d001,2002-01-14,9999-01-01
31368,38374,d009,2002-03-11,9999-01-01
31488,38484,d004,2002-02-26,9999-01-01
31822,38786,d004,2002-06-10,9999-01-01
31853,38813,d008,2002-01-14,9999-01-01
32095,39033,d004,2002-06-01,9999-01-01
32624,39511,d009,2002-03-29,2002-04-14
32839,39706,d002,2002-06-03,9999-01-01
32935,39793,d002,2002-05-18,9999-01-01
32957,39812,d009,2002-03-17,9999-01-01
33285,40109,d004,2002-06-07,9999-01-01
33352,40170,d004,2002-06-04,9999-01-01
33455,40262,d003,2002-05-04,9999-01-01
34251,40981,d006,2002-05-13,9999-01-01
34280,41008,d001,2002-05-26,9999-01-01
34403,41119,d009,2002-02-06,9999-01-01
34645,41339,d004,2002-03-21,9999-01-01
34677,41367,d009,2002-04-16,9999-01-01
35337,41964,d009,2002-03-23,9999-01-01
35424,42043,d005,2002-02-05,9999-01-01
35530,42138,d007,2002-04-30,9999-01-01
35816,42398,d004,2002-03-23,9999-01-01
35907,42480,d006,2002-07-19,9999-01-01
35950,42519,d008,2002-05-07,9999-01-01
35992,42557,d007,2002-04-05,9999-01-01
36271,42810,d004,2002-06-09,9999-01-01
36289,42826,d004,2002-06-10,9999-01-01
36570,43081,d004,2002-02-20,9999-01-01
36742,43236,d004,2002-01-11,9999-01-01
36965,43438,d001,2002-01-21,9999-01-01
36986,43457,d005,2002-01-28,9999-01-01
37416,43845,d009,2002-02-04,9999-01-01
37581,43994,d009,2002-07-12,9999-01-01
37758,44155,d005,2002-07-22,9999-01-01
38061,44429,d005,2002-04-30,9999-01-01
38145,44504,d009,2002-07-24,9999-01-01
38311,44655,d004,2002-02-10,9999-01-01
38451,44781,d009,2002-01-25,9999-01-01
38516,44840,d008,2002-03-18,9999-01-01
38718,45022,d007,2002-02-14,9999-01-01
39227,45483,d007,2002-07-02,9999-01-01
39536,45764,d008,2002-02-26,9999-01-01
39707,45920,d004,2002-03-30,9999-01-01
39935,46126,d005,2002-06-03,9999-01-01
39976,46162,d008,2002-06-16,9999-01-01
40017,46199,d008,2002-07-03,9999-01-01
40131,46302,d007,2002-07-25,9999-01-01
40404,46550,d004,2002-04-20,9999-01-01
40579,46707,d006,2002-07-19,9999-01-01
40588,46716,d001,2002-07-07,9999-01-01
40645,46767,d009,2002-01-26,9999-01-01
40713,46829,d004,2002-06-21,9999-01-01
40842,46944,d009,2002-03-11,9999-01-01
41340,47395,d009,2002-03-29,9999-01-01
41404,47454,d004,2002-01-29,9999-01-01
41423,47471,d004,2002-05-10,9999-01-01
41489,47530,d009,2002-05-08,9999-01-01
41509,47548,d008,2002-01-30,9999-01-01
41550,47586,d004,2002-07-08,9999-01-01
41700,47722,d005,2002-03-02,9999-01-01
41826,47835,d008,2002-02-04,9999-01-01
42142,48121,d008,2002-07-18,9999-01-01
42959,48860,d008,2002-03-02,9999-01-01
43275,49147,d004,2002-04-27,9999-01-01
43526,49374,d004,2002-01-19,9999-01-01
43557,49402,d004,2002-05-26,9999-01-01
43578,49421,d001,2002-01-10,9999-01-01
43898,49710,d009,2002-07-19,9999-01-01
44142,49931,d008,2002-03-31,9999-01-01
44486,50242,d006,2002-07-07,9999-01-01
44630,50372,d007,2002-04-29,9999-01-01
44682,50420,d004,2002-05-08,9999-01-01
44788,50515,d008,2002-02-04,9999-01-01
45052,50754,d008,2002-05-09,9999-01-01
45534,51191,d004,2002-07-09,9999-01-01
45557,51211,d008,2002-06-23,9999-01-01
45625,51273,d009,2002-02-25,9999-01-01
45743,51380,d009,2002-04-08,9999-01-01
45796,51428,d008,2002-07-18,9999-01-01
45897,51519,d009,2002-01-29,9999-01-01
45928,51547,d006,2002-03-11,9999-01-01
46133,51733,d004,2002-02-13,9999-01-01
46154,51752,d005,2002-06-15,9999-01-01
46271,51858,d001,2002-02-27,9999-01-01
47023,52538,d007,2002-02-17,2002-02-28
47424,52902,d006,2002-05-10,9999-01-01
47444,52920,d009,2002-03-07,9999-01-01
47532,52999,d006,2002-04-15,9999-01-01
47707,53157,d009,2002-07-22,9999-01-01
47740,53187,d009,2002-07-26,9999-01-01
48044,53463,d008,2002-01-28,9999-01-01
48092,53507,d004,2002-02-04,9999-01-01
48193,53598,d009,2002-01-29,9999-01-01
48317,53710,d008,2002-04-09,2002-06-07
48441,53823,d004,2002-01-03,9999-01-01
48469,53848,d001,2002-05-13,9999-01-01
48676,54035,d005,2002-01-24,9999-01-01
48989,54317,d009,2002-04-16,9999-01-01
49049,54372,d004,2002-03-28,9999-01-01
49169,54481,d004,2002-05-26,9999-01-01
49437,54723,d009,2002-01-10,9999-01-01
49475,54758,d004,2002-05-20,9999-01-01
49560,54835,d004,2002-04-07,9999-01-01
49752,55008,d006,2002-03-06,9999-01-01
51652,56727,d006,2002-05-30,9999-01-01
51753,56819,d004,2002-01-31,9999-01-01
51856,56912,d005,2002-05-05,9999-01-01
51879,56932,d009,2002-02-07,9999-01-01
51963,57008,d008,2002-02-20,9999-01-01
51999,57041,d009,2002-04-18,9999-01-01
52082,57116,d006,2002-04-29,9999-01-01
52413,57416,d009,2002-06-10,9999-01-01
52444,57445,d004,2002-02-07,9999-01-01
52836,57799,d008,2002-07-07,9999-01-01
53149,58082,d006,2002-03-12,9999-01-01
53288,58209,d005,2002-01-14,9999-01-01
53329,58245,d009,2002-02-19,9999-01-01
53544,58439,d003,2002-07-24,9999-01-01
53597,58487,d008,2002-02-23,9999-01-01
53652,58537,d009,2002-07-03,9999-01-01
53801,58672,d009,2002-03-09,9999-01-01
53833,58701,d008,2002-06-10,9999-01-01
53920,58781,d004,2002-06-30,9999-01-01
53931,58791,d001,2002-07-24,9999-01-01
53973,58828,d008,2002-01-22,9999-01-01
54041,58889,d008,2002-04-20,9999-01-01
54085,58930,d005,2002-03-27,9999-01-01
54362,59180,d009,2002-07-17,9999-01-01
54382,59198,d008,2002-02-20,9999-01-01
55097,59846,d008,2002-03-14,9999-01-01
55632,60331,d004,2002-07-10,9999-01-01
55789,60473,d001,2002-04-22,9999-01-01
56111,60764,d008,2002-07-02,9999-01-01
56652,61253,d008,2002-05-09,9999-01-01
56767,61357,d007,2002-01-23,9999-01-01
56858,61440,d001,2002-01-15,9999-01-01
57118,61674,d008,2002-01-28,9999-01-01
57277,61819,d004,2002-01-06,2002-07-22
57356,61890,d009,2002-05-06,9999-01-01
57645,62152,d009,2002-04-21,9999-01-01
57664,62169,d006,2002-04-09,9999-01-01
57836,62325,d006,2002-05-07,9999-01-01
57857,62344,d009,2002-01-31,9999-01-01
58147,62607,d008,2002-01-05,9999-01-01
58256,62705,d006,2002-06-24,9999-01-01
58285,62731,d009,2002-02-19,9999-01-01
58297,62742,d009,2002-06-08,9999-01-01
58357,62797,d001,2002-03-09,9999-01-01
59330,63676,d007,2002-03-05,9999-01-01
59423,63761,d004,2002-05-27,9999-01-01
59507,63837,d004,2002-05-30,9999-01-01
59648,63963,d009,2002-06-05,9999-01-01
59776,64079,d009,2002-02-02,9999-01-01
59862,64158,d001,2002-07-24,9999-01-01
59874,64168,d008,2002-01-31,9999-01-01
59917,64208,d004,2002-02-18,9999-01-01
60138,64409,d004,2002-06-19,9999-01-01
60382,64630,d003,2002-03-23,9999-01-01
60708,64925,d004,2002-02-18,9999-01-01
60784,64993,d006,2002-02-27,9999-01-01
61041,65225,d007,2002-02-22,9999-01-01
61257,65421,d004,2002-01-17,9999-01-01
61269,65432,d004,2002-01-06,9999-01-01
61341,65496,d006,2002-07-15,9999-01-01
61474,65617,d004,2002-04-30,9999-01-01
61495,65635,d009,2002-02-23,9999-01-01
61526,65663,d006,2002-01-17,9999-01-01
61589,65721,d005,2002-05-09,9999-01-01
61662,65787,d001,2002-03-09,9999-01-01
61694,65816,d004,2002-05-28,9999-01-01
61890,65993,d001,2002-05-25,9999-01-01
62536,66578,d001,2002-05-25,9999-01-01
62589,66625,d006,2002-02-05,9999-01-01
62666,66696,d002,2002-07-20,9999-01-01
62864,66874,d008,2002-03-05,9999-01-01
62906,66913,d001,2002-06-11,9999-01-01
63123,67110,d008,2002-05-02,9999-01-01
63188,67169,d009,2002-01-19,9999-01-01
63526,67476,d004,2002-04-17,9999-01-01
63896,67809,d009,2002-05-23,9999-01-01
63928,67838,d009,2002-05-02,9999-01-01
64079,67975,d006,2002-06-20,9999-01-01
64799,68627,d008,2002-05-13,9999-01-01
64864,68686,d008,2002-02-16,9999-01-01
64946,68761,d005,2002-03-08,9999-01-01
65177,68969,d006,2002-02-14,9999-01-01
65197,68988,d001,2002-01-06,9999-01-01
66025,69738,d005,2002-04-27,9999-01-01
66216,69910,d006,2002-05-02,9999-01-01
66235,69928,d001,2002-04-23,9999-01-01
66650,70304,d005,2002-06-15,9999-01-01
66877,70510,d001,2002-01-10,9999-01-01
66995,70617,d001,2002-01-20,9999-01-01
67086,70699,d004,2002-04-16,9999-01-01
67242,70840,d004,2002-02-13,9999-01-01
67770,71316,d006,2002-07-23,9999-01-01
67872,71408,d003,2002-07-25,9999-01-01
67929,71460,d008,2002-03-25,9999-01-01
67940,71471,d004,2002-05-06,9999-01-01
67971,71499,d004,2002-04-24,9999-01-01
68099,71614,d009,2002-05-30,9999-01-01
68121,71634,d008,2002-05-02,9999-01-01
68288,71786,d001,2002-04-16,9999-01-01
68511,71987,d007,2002-07-31,9999-01-01
68844,72288,d009,2002-04-25,9999-01-01
68989,72420,d004,2002-05-02,9999-01-01
69138,72554,d001,2002-03-17,9999-01-01
69503,72883,d008,2002-01-15,9999-01-01
69945,73284,d002,2002-07-04,9999-01-01
69966,73303,d004,2002-07-30,9999-01-01
70064,73391,d009,2002-01-09,9999-01-01
70160,73479,d004,2002-05-26,9999-01-01
70254,73564,d001,2002-03-21,9999-01-01
70971,74213,d005,2002-04-22,9999-01-01
70984,74224,d008,2002-01-08,9999-01-01
71210,74430,d005,2002-01-05,9999-01-01
71618,74798,d003,2002-03-30,9999-01-01
71774,74939,d009,2002-07-19,9999-01-01
71882,75037,d006,2002-07-15,9999-01-01
71954,75102,d007,2002-04-13,9999-01-01
72007,75150,d009,2002-02-01,9999-01-01
72320,75433,d006,2002-04-15,9999-01-01
72358,75468,d001,2002-01-23,9999-01-01
72407,75512,d004,2002-04-24,9999-01-01
72419,75522,d008,2002-01-01,9999-01-01
72472,75570,d009,2002-01-13,9999-01-01
72680,75759,d004,2002-07-04,9999-01-01
73174,76205,d001,2002-03-17,9999-01-01
73225,76251,d005,2002-06-10,9999-01-01
73387,76398,d004,2002-04-24,9999-01-01
73410,76418,d008,2002-05-05,9999-01-01
73465,76468,d008,2002-01-10,9999-01-01
73505,76505,d004,2002-03-03,9999-01-01
73700,76682,d005,2002-02-21,9999-01-01
73838,76806,d008,2002-03-29,9999-01-01
74103,77046,d003,2002-01-19,9999-01-01
74139,77079,d008,2002-07-20,9999-01-01
74148,77087,d006,2002-07-08,9999-01-01
74352,77272,d009,2002-04-05,9999-01-01
74543,77446,d001,2002-06-30,9999-01-01
74629,77524,d004,2002-04-21,9999-01-01
74731,77615,d007,2002-01-08,9999-01-01
74773,77653,d006,2002-02-13,9999-01-01
74823,77698,d009,2002-02-16,9999-01-01
74833,77707,d007,2002-03-03,9999-01-01
75118,77966,d001,2002-01-30,9999-01-01
75140,77986,d004,2002-03-02,9999-01-01
75413,78232,d008,2002-03-29,9999-01-01
75596,78398,d004,2002-04-07,9999-01-01
75741,78530,d004,2002-03-01,9999-01-01
75763,78549,d009,2002-02-26,9999-01-01
76230,78971,d009,2002-04-07,9999-01-01
76326,79059,d004,2002-06-09,9999-01-01
76543,79255,d008,2002-01-12,9999-01-01
76576,79285,d009,2002-01-02,9999-01-01
76707,79403,d008,2002-01-01,9999-01-01
76717,79412,d008,2002-04-28,9999-01-01
76964,79637,d004,2002-07-11,9999-01-01
77100,79760,d001,2002-07-25,9999-01-01
77150,79804,d008,2002-04-08,9999-01-01
77409,80039,d006,2002-02-17,9999-01-01
77429,80058,d005,2002-04-20,9999-01-01
77541,80159,d004,2002-02-13,9999-01-01
77721,80320,d006,2002-04-22,9999-01-01
77899,80481,d009,2002-06-23,9999-01-01
78318,80860,d006,2002-07-13,9999-01-01
78363,80901,d007,2002-03-02,9999-01-01
78456,80985,d007,2002-03-03,9999-01-01
78519,81043,d004,2002-07-20,9999-01-01
78632,81145,d005,2002-06-19,9999-01-01
78763,81262,d009,2002-07-05,9999-01-01
78853,81343,d009,2002-02-12,9999-01-01
78960,81441,d005,2002-07-16,9999-01-01
79001,81478,d004,2002-02-13,9999-01-01
79097,81564,d008,2002-04-24,9999-01-01
79150,81612,d008,2002-05-03,9999-01-01
79364,81806,d008,2002-01-12,9999-01-01
79597,82018,d001,2002-01-27,9999-01-01
79627,82044,d008,2002-07-16,9999-01-01
79648,82063,d006,2002-05-20,9999-01-01
80345,82694,d004,2002-04-15,9999-01-01
80355,82703,d005,2002-03-29,9999-01-01
80711,83024,d008,2002-03-08,9999-01-01
80791,83097,d001,2002-01-13,9999-01-01
80814,83118,d005,2002-08-01,9999-01-01
80889,83185,d009,2002-04-28,9999-01-01
81425,83670,d009,2002-02-09,9999-01-01
81871,84072,d008,2002-02-11,9999-01-01
81962,84155,d001,2002-03-22,9999-01-01
82311,84470,d006,2002-01-01,9999-01-01
82414,84563,d003,2002-03-07,9999-01-01
82970,85068,d001,2002-06-24,9999-01-01
83654,85687,d005,2002-07-30,9999-01-01
83800,85818,d008,2002-05-16,9999-01-01
84166,86149,d008,2002-06-03,9999-01-01
84350,86315,d009,2002-02-02,9999-01-01
84389,86350,d006,2002-06-12,9999-01-01
84472,86425,d007,2002-07-29,9999-01-01
84650,86587,d004,2002-06-16,9999-01-01
84695,86627,d009,2002-05-02,9999-01-01
84903,86815,d008,2002-03-25,9999-01-01
85139,87029,d003,2002-01-25,9999-01-01
85265,87143,d009,2002-01-04,9999-01-01
85660,87501,d006,2002-03-22,9999-01-01
85946,87760,d003,2002-01-05,9999-01-01
86055,87859,d003,2002-07-15,9999-01-01
86198,87988,d007,2002-07-17,9999-01-01
86322,88101,d004,2002-06-23,9999-01-01
86555,88311,d006,2002-05-09,9999-01-01
86651,88399,d002,2002-06-24,9999-01-01
86953,88672,d005,2002-05-02,9999-01-01
87566,89225,d006,2002-05-02,9999-01-01
87651,89303,d002,2002-03-23,9999-01-01
87723,89368,d004,2002-07-18,9999-01-01
87763,89404,d005,2002-03-02,9999-01-01
87830,89464,d009,2002-06-08,9999-01-01
88005,89622,d009,2002-05-26,9999-01-01
88033,89648,d004,2002-03-10,9999-01-01
88154,89756,d009,2002-01-19,2002-02-01
88504,90073,d009,2002-03-17,9999-01-01
88800,90342,d004,2002-02-11,9999-01-01
89142,90651,d009,2002-01-29,9999-01-01
89301,90796,d002,2002-05-03,9999-01-01
89487,90964,d005,2002-03-12,9999-01-01
89603,91068,d008,2002-01-20,9999-01-01
89793,91239,d006,2002-01-30,9999-01-01
90131,91546,d004,2002-05-18,9999-01-01
90479,91860,d003,2002-06-08,9999-01-01
90591,91961,d008,2002-04-02,9999-01-01
90653,92018,d004,2002-07-18,9999-01-01
90694,92055,d001,2002-05-26,9999-01-01
90760,92115,d004,2002-02-11,9999-01-01
90852,92197,d006,2002-02-21,9999-01-01
90873,92217,d002,2002-03-27,9999-01-01
91127,92448,d005,2002-06-07,9999-01-01
91148,92466,d003,2002-03-24,9999-01-01
91417,92709,d009,2002-03-21,9999-01-01
91619,92891,d009,2002-01-25,9999-01-01
91666,92934,d009,2002-03-06,9999-01-01
91817,93072,d004,2002-01-02,9999-01-01
91829,93082,d003,2002-02-12,9999-01-01
91888,93135,d008,2002-06-07,9999-01-01
92226,93441,d009,2002-05-02,9999-01-01
92268,93479,d008,2002-07-18,9999-01-01
92289,93499,d004,2002-07-18,9999-01-01
92741,93907,d009,2002-05-14,9999-01-01
92751,93916,d008,2002-03-19,9999-01-01
92775,93938,d009,2002-01-04,9999-01-01
92984,94128,d001,2002-02-15,9999-01-01
93396,94500,d009,2002-03-22,9999-01-01
93447,94547,d004,2002-01-22,9999-01-01
93513,94607,d004,2002-04-28,9999-01-01
93522,94615,d004,2002-06-15,9999-01-01
94277,95297,d009,2002-05-26,9999-01-01
94321,95337,d009,2002-03-14,9999-01-01
94491,95492,d005,2002-07-16,9999-01-01
94521,95519,d002,2002-04-18,9999-01-01
94584,95575,d007,2002-02-02,9999-01-01
94735,95713,d001,2002-05-28,9999-01-01
95022,95972,d008,2002-01-10,9999-01-01
95109,96051,d009,2002-02-19,9999-01-01
95346,96265,d006,2002-05-07,9999-01-01
95367,96284,d007,2002-07-12,9999-01-01
95957,96819,d003,2002-06-04,9999-01-01
96230,97066,d003,2002-07-22,9999-01-01
96284,97115,d008,2002-04-05,9999-01-01
96368,97191,d007,2002-07-20,9999-01-01
96526,97335,d004,2002-05-26,9999-01-01
96641,97439,d004,2002-03-19,9999-01-01
96813,97595,d004,2002-01-31,9999-01-01
96837,97616,d008,2002-03-31,9999-01-01
97021,97783,d007,2002-04-06,9999-01-01
97051,97811,d005,2002-03-21,9999-01-01
97136,97888,d005,2002-02-20,9999-01-01
97148,97899,d004,2002-02-18,9999-01-01
97295,98031,d006,2002-03-25,9999-01-01
97456,98177,d004,2002-03-25,9999-01-01
97650,98352,d001,2002-07-18,9999-01-01
97887,98566,d007,2002-03-03,9999-01-01
97908,98586,d005,2002-04-11,9999-01-01
97988,98658,d009,2002-06-13,9999-01-01
98224,98873,d004,2002-04-02,9999-01-01
98566,99182,d009,2002-02-27,9999-01-01
98625,99236,d004,2002-03-25,9999-01-01
98884,99469,d007,2002-03-01,9999-01-01
99029,99600,d009,2002-02-08,2002-05-05
99273,99821,d009,2002-02-02,9999-01-01
99383,99920,d007,2002-01-25,9999-01-01
99415,99950,d001,2002-07-13,9999-01-01
99687,100197,d005,2002-07-17,9999-01-01
99896,100385,d009,2002-06-30,9999-01-01
99971,100454,d001,2002-01-06,9999-01-01
100117,100585,d009,2002-01-06,9999-01-01
100147,100612,d008,2002-03-06,9999-01-01
100168,100631,d009,2002-07-02,9999-01-01
100768,101173,d006,2002-04-05,9999-01-01
100911,101303,d001,2002-03-03,9999-01-01
101144,101513,d009,2002-06-08,9999-01-01
101330,101682,d006,2002-01-30,9999-01-01
101596,101923,d002,2002-03-12,9999-01-01
101758,102069,d006,2002-03-26,9999-01-01
102173,102446,d002,2002-03-11,9999-01-01
102304,102564,d008,2002-06-27,9999-01-01
102625,102854,d008,2002-02-02,9999-01-01
102794,103007,d007,2002-02-19,9999-01-01
102926,103127,d005,2002-01-18,2002-07-19
103121,103303,d001,2002-06-10,9999-01-01
103223,103395,d004,2002-06-06,9999-01-01
104149,104234,d004,2002-05-14,9999-01-01
104236,104312,d009,2002-05-18,9999-01-01
104702,104734,d004,2002-03-28,9999-01-01
105075,105071,d004,2002-01-21,9999-01-01
105571,105519,d006,2002-07-03,9999-01-01
105590,105536,d008,2002-04-15,9999-01-01
105652,105592,d008,2002-06-11,9999-01-01
105673,105611,d006,2002-05-23,9999-01-01
105724,105657,d009,2002-06-23,9999-01-01
105958,105870,d001,2002-05-15,9999-01-01
106041,105944,d009,2002-07-14,9999-01-01
106105,106003,d004,2002-02-24,9999-01-01
106678,106521,d009,2002-06-29,9999-01-01
107006,106820,d005,2002-03-20,9999-01-01
107073,106881,d001,2002-03-29,9999-01-01
107179,106976,d009,2002-05-06,9999-01-01
107727,107471,d009,2002-03-10,9999-01-01
107851,107583,d006,2002-06-20,9999-01-01
107907,107634,d009,2002-02-12,9999-01-01
107917,107643,d009,2002-04-10,9999-01-01
108296,107986,d002,2002-02-20,9999-01-01
108601,108262,d004,2002-06-17,9999-01-01
108889,108523,d004,2002-03-17,9999-01-01
109142,108751,d009,2002-02-28,9999-01-01
109185,108790,d009,2002-02-09,9999-01-01
109259,108857,d006,2002-07-02,9999-01-01
109592,109159,d008,2002-05-21,9999-01-01
109649,109211,d008,2002-06-18,9999-01-01
109700,109257,d008,2002-04-19,9999-01-01
109732,109286,d006,2002-02-05,9999-01-01
109910,109447,d009,2002-03-31,9999-01-01
110192,109702,d003,2002-07-28,9999-01-01
110574,200026,d004,2002-05-18,9999-01-01
110584,200035,d002,2002-03-04,9999-01-01
110620,200067,d006,2002-06-29,9999-01-01
110772,200205,d001,2002-06-01,9999-01-01
110815,200244,d001,2002-05-31,9999-01-01
111361,200737,d006,2002-04-01,9999-01-01
111510,200873,d004,2002-02-15,9999-01-01
111584,200939,d009,2002-06-02,9999-01-01
111712,201055,d009,2002-06-08,9999-01-01
111774,201111,d003,2002-02-07,9999-01-01
112014,201329,d004,2002-07-25,9999-01-01
112115,201420,d005,2002-05-31,9999-01-01
112470,201740,d006,2002-07-10,9999-01-01
112635,201889,d008,2002-04-18,9999-01-01
113075,202288,d004,2002-05-22,9999-01-01
113097,202308,d002,2002-04-25,9999-01-01
113150,202356,d004,2002-04-05,9999-01-01
113183,202386,d001,2002-04-19,9999-01-01
113228,202426,d006,2002-01-25,9999-01-01
113604,202768,d004,2002-03-15,9999-01-01
113626,202787,d007,2002-01-03,9999-01-01
113891,203026,d009,2002-03-31,9999-01-01
113932,203063,d008,2002-07-03,9999-01-01
114003,203128,d001,2002-03-01,9999-01-01
114203,203309,d001,2002-03-14,9999-01-01
114334,203427,d008,2002-01-13,9999-01-01
114364,203455,d005,2002-02-09,9999-01-01
114422,203507,d008,2002-03-09,9999-01-01
114453,203536,d004,2002-06-27,9999-01-01
114606,203674,d006,2002-06-07,9999-01-01
114712,203771,d001,2002-02-28,9999-01-01
114763,203817,d004,2002-03-05,9999-01-01
114955,203990,d001,2002-04-27,9999-01-01
115226,204235,d009,2002-03-08,9999-01-01
115392,204385,d009,2002-06-12,9999-01-01
115401,204393,d009,2002-02-26,9999-01-01
115476,204462,d002,2002-07-25,9999-01-01
115496,204480,d001,2002-02-01,9999-01-01
115507,204490,d004,2002-01-17,9999-01-01
115518,204499,d009,2002-01-31,9999-01-01
115622,204594,d004,2002-02-25,9999-01-01
115852,204801,d009,2002-05-29,9999-01-01
115881,204828,d004,2002-01-07,9999-01-01
115904,204848,d009,2002-06-24,9999-01-01
116466,205357,d008,2002-05-27,9999-01-01
116678,205551,d001,2002-04-19,9999-01-01
116882,205735,d005,2002-02-22,9999-01-01
117204,206025,d009,2002-05-08,9999-01-01
117257,206073,d009,2002-05-22,9999-01-01
117317,206127,d006,2002-03-13,9999-01-01
117545,206333,d006,2002-01-17,9999-01-01
117607,206390,d005,2002-05-05,9999-01-01
117723,206495,d004,2002-04-17,9999-01-01
117744,206514,d002,2002-04-18,9999-01-01
117888,206644,d004,2002-01-22,9999-01-01
118185,206912,d004,2002-05-06,9999-01-01
118229,206952,d005,2002-04-24,9999-01-01
118441,207144,d002,2002-05-20,9999-01-01
118537,207230,d006,2002-01-08,9999-01-01
118568,207259,d002,2002-04-05,2002-06-14
119004,207652,d009,2002-01-07,9999-01-01
119222,207850,d009,2002-05-30,9999-01-01
119288,207910,d009,2002-06-20,9999-01-01
119365,207981,d004,2002-06-15,9999-01-01
119410,208021,d008,2002-01-20,9999-01-01
119579,208174,d009,2002-03-30,9999-01-01
119687,208272,d009,2002-02-28,9999-01-01
119749,208329,d004,2002-01-10,9999-01-01
119810,208384,d001,2002-04-05,9999-01-01
119840,208411,d001,2002-04-15,9999-01-01
120173,208711,d009,2002-04-16,9999-01-01
120456,208969,d002,2002-04-18,9999-01-01
120547,209051,d001,2002-07-03,9999-01-01
120767,209249,d006,2002-01-28,9999-01-01
120829,209305,d008,2002-04-24,9999-01-01
121028,209485,d006,2002-07-31,9999-01-01
121236,209673,d006,2002-06-12,9999-01-01
121394,209816,d009,2002-04-20,9999-01-01
121707,210098,d009,2002-04-20,9999-01-01
121749,210137,d005,2002-06-22,9999-01-01
121999,210363,d001,2002-05-24,9999-01-01
122130,210480,d006,2002-07-05,9999-01-01
122370,210697,d008,2002-06-25,9999-01-01
122404,210728,d008,2002-05-10,9999-01-01
122562,210871,d009,2002-04-16,9999-01-01
122669,210969,d001,2002-05-21,9999-01-01
122781,211069,d008,2002-01-07,9999-01-01
122813,211098,d006,2002-04-08,9999-01-01
122967,211237,d009,2002-07-07,9999-01-01
122976,211245,d008,2002-01-11,9999-01-01
123150,211402,d006,2002-05-23,9999-01-01
123194,211442,d008,2002-05-19,9999-01-01
123470,211693,d004,2002-04-13,9999-01-01
123531,211748,d005,2002-06-01,9999-01-01
123586,211797,d008,2002-02-26,9999-01-01
123618,211827,d001,2002-02-01,9999-01-01
123693,211894,d008,2002-03-12,9999-01-01
123919,212099,d009,2002-06-11,9999-01-01
124091,212255,d004,2002-06-16,9999-01-01
124159,212317,d004,2002-01-06,9999-01-01
124170,212326,d006,2002-02-15,2002-03-07
124293,212437,d009,2002-04-04,9999-01-01
124326,212468,d005,2002-06-26,9999-01-01
124490,212615,d009,2002-04-01,9999-01-01
124583,212700,d004,2002-05-16,9999-01-01
124605,212720,d004,2002-05-22,9999-01-01
124814,212909,d006,2002-05-13,9999-01-01
125025,213101,d004,2002-03-09,9999-01-01
125035,213110,d005,2002-05-16,9999-01-01
125080,213151,d004,2002-03-26,9999-01-01
125935,213924,d004,2002-04-07,9999-01-01
126033,214012,d009,2002-01-23,9999-01-01
126065,214042,d001,2002-04-22,9999-01-01
126127,214098,d001,2002-04-18,9999-01-01
126274,214231,d004,2002-04-03,9999-01-01
126285,214240,d006,2002-02-27,9999-01-01
126353,214302,d006,2002-04-05,9999-01-01
126505,214441,d001,2002-01-05,9999-01-01
126537,214470,d004,2002-05-04,9999-01-01
126624,214548,d006,2002-02-13,9999-01-01
126690,214608,d008,2002-01-18,9999-01-01
126843,214748,d001,2002-04-17,9999-01-01
127261,215126,d009,2002-07-14,9999-01-01
127688,215513,d001,2002-04-25,9999-01-01
127833,215644,d001,2002-04-27,9999-01-01
127895,215699,d008,2002-05-31,9999-01-01
128124,215908,d002,2002-06-21,9999-01-01
128452,216205,d009,2002-02-23,9999-01-01
129045,216742,d006,2002-02-22,9999-01-01
129077,216771,d009,2002-05-11,9999-01-01
129160,216846,d008,2002-06-16,9999-01-01
129271,216947,d009,2002-07-30,9999-01-01
129303,216976,d009,2002-07-04,9999-01-01
129440,217100,d008,2002-05-15,9999-01-01
129492,217148,d004,2002-01-05,9999-01-01
130049,217650,d006,2002-03-12,9999-01-01
130142,217734,d009,2002-06-15,9999-01-01
130333,217908,d004,2002-06-17,9999-01-01
130500,218059,d004,2002-07-28,9999-01-01
130555,218108,d009,2002-01-22,9999-01-01
130596,218145,d009,2002-03-27,9999-01-01
130722,218259,d007,2002-06-07,9999-01-01
130787,218318,d006,2002-06-18,9999-01-01
131071,218576,d004,2002-02-16,9999-01-01
131169,218664,d009,2002-04-04,9999-01-01
131661,219109,d006,2002-07-03,9999-01-01
132273,219664,d009,2002-07-18,9999-01-01
132415,219793,d001,2002-03-29,9999-01-01
132500,219870,d004,2002-03-13,9999-01-01
132649,220005,d002,2002-06-25,9999-01-01
132993,220317,d004,2002-02-21,9999-01-01
133230,220532,d001,2002-04-07,9999-01-01
133283,220579,d006,2002-03-20,9999-01-01
133379,220667,d004,2002-01-26,9999-01-01
133556,220826,d009,2002-05-03,9999-01-01
133664,220924,d008,2002-01-26,9999-01-01
133872,221112,d009,2002-03-19,9999-01-01
134011,221237,d008,2002-07-30,9999-01-01
134213,221420,d004,2002-01-01,9999-01-01
134714,221872,d009,2002-07-24,9999-01-01
134756,221910,d006,2002-07-04,9999-01-01
134799,221949,d008,2002-01-15,9999-01-01
134839,221986,d005,2002-06-23,9999-01-01
134889,222031,d004,2002-03-31,9999-01-01
135095,222218,d001,2002-03-06,9999-01-01
135148,222266,d001,2002-02-07,9999-01-01
135168,222284,d004,2002-03-23,9999-01-01
135313,222415,d008,2002-06-20,9999-01-01
135514,222598,d001,2002-05-27,9999-01-01
135855,222907,d001,2002-05-12,9999-01-01
135899,222946,d006,2002-04-27,9999-01-01
136135,223159,d006,2002-07-30,9999-01-01
136146,223169,d008,2002-07-30,9999-01-01
136228,223243,d009,2002-03-29,9999-01-01
136302,223310,d007,2002-05-11,9999-01-01
136333,223338,d008,2002-04-29,9999-01-01
136343,223347,d003,2002-04-22,9999-01-01
136623,223600,d009,2002-07-20,9999-01-01
136817,223776,d005,2002-02-17,9999-01-01
136897,223848,d003,2002-01-14,9999-01-01
137177,224102,d005,2002-01-29,9999-01-01
137292,224206,d001,2002-03-29,9999-01-01
137382,224287,d005,2002-06-03,9999-01-01
137498,224392,d004,2002-05-05,9999-01-01
137640,224519,d008,2002-06-21,9999-01-01
138126,224960,d002,2002-02-10,9999-01-01
138683,225463,d009,2002-03-05,9999-01-01
138691,225471,d004,2002-01-04,9999-01-01
138732,225507,d003,2002-01-06,9999-01-01
138860,225623,d004,2002-06-04,9999-01-01
138923,225680,d002,2002-03-30,9999-01-01
139523,226221,d009,2002-07-09,9999-01-01
140112,226753,d008,2002-07-20,9999-01-01
140161,226798,d004,2002-02-05,9999-01-01
140251,226879,d004,2002-04-04,9999-01-01
140283,226908,d004,2002-04-11,9999-01-01
140810,227384,d006,2002-08-01,9999-01-01
140989,227546,d006,2002-02-09,9999-01-01
141178,227718,d005,2002-01-05,9999-01-01
141254,227786,d009,2002-02-08,9999-01-01
141321,227848,d001,2002-01-29,9999-01-01
141383,227903,d006,2002-03-06,9999-01-01
141434,227950,d001,2002-01-10,9999-01-01
141444,227959,d005,2002-05-28,9999-01-01
141528,228034,d008,2002-06-17,9999-01-01
141901,228371,d009,2002-03-17,9999-01-01
142175,228619,d004,2002-07-30,9999-01-01
142199,228640,d008,2002-07-12,9999-01-01
142208,228649,d004,2002-02-05,2002-02-06
142539,228948,d005,2002-07-07,9999-01-01
142561,228968,d004,2002-06-23,9999-01-01
142647,229045,d006,2002-06-03,9999-01-01
142699,229092,d006,2002-01-06,9999-01-01
142720,229111,d009,2002-01-24,9999-01-01
142928,229300,d004,2002-01-17,9999-01-01
142972,229339,d009,2002-03-18,9999-01-01
143346,229678,d001,2002-06-17,9999-01-01
143615,229920,d004,2002-04-19,9999-01-01
143807,230094,d004,2002-03-22,9999-01-01
144178,230430,d007,2002-02-10,9999-01-01
144189,230440,d008,2002-06-28,9999-01-01
144460,230685,d009,2002-01-27,9999-01-01
144763,230959,d008,2002-01-03,9999-01-01
144804,230997,d004,2002-01-06,9999-01-01
144996,231170,d009,2002-05-12,9999-01-01
145006,231179,d006,2002-06-05,9999-01-01
145029,231200,d007,2002-03-18,9999-01-01
145080,231247,d005,2002-03-17,9999-01-01
145395,231532,d008,2002-02-18,9999-01-01
145435,231569,d005,2002-01-23,9999-01-01
145487,231616,d004,2002-05-20,9999-01-01
145554,231677,d004,2002-05-13,9999-01-01
146032,232110,d001,2002-06-09,9999-01-01
146104,232175,d005,2002-01-20,9999-01-01
146146,232212,d007,2002-03-07,9999-01-01
146363,232409,d006,2002-05-28,9999-01-01
146394,232438,d005,2002-06-15,9999-01-01
146706,232721,d005,2002-04-03,9999-01-01
146797,232802,d009,2002-07-31,9999-01-01
146935,232927,d009,2002-03-07,9999-01-01
146970,232959,d009,2002-06-27,9999-01-01
147363,233316,d004,2002-07-23,9999-01-01
148085,233968,d006,2002-07-11,9999-01-01
148196,234069,d001,2002-04-30,9999-01-01
148238,234106,d007,2002-03-15,9999-01-01
148350,234208,d001,2002-06-02,9999-01-01
148627,234458,d005,2002-03-31,9999-01-01
148884,234691,d004,2002-01-26,9999-01-01
148918,234721,d009,2002-07-23,9999-01-01
148940,234741,d008,2002-06-26,9999-01-01
149196,234973,d005,2002-03-19,9999-01-01
149362,235122,d009,2002-07-18,9999-01-01
149434,235187,d009,2002-03-31,9999-01-01
149610,235346,d009,2002-01-12,9999-01-01
149619,235354,d009,2002-02-20,9999-01-01
149887,235598,d001,2002-05-28,9999-01-01
149940,235645,d009,2002-02-13,9999-01-01
149995,235695,d008,2002-06-13,9999-01-01
150081,235774,d004,2002-01-17,9999-01-01
150251,235927,d004,2002-07-29,9999-01-01
150305,235975,d006,2002-01-05,9999-01-01
150757,236386,d004,2002-02-02,9999-01-01
150775,236402,d001,2002-06-18,9999-01-01
150936,236546,d009,2002-06-17,9999-01-01
150977,236583,d009,2002-01-28,9999-01-01
150987,236593,d001,2002-06-06,9999-01-01
151064,236662,d006,2002-07-03,9999-01-01
151616,237162,d002,2002-05-09,9999-01-01
151710,237247,d004,2002-05-08,9999-01-01
152015,237524,d004,2002-04-28,9999-01-01
152680,238125,d006,2002-01-16,9999-01-01
152965,238383,d007,2002-07-27,9999-01-01
152974,238392,d004,2002-04-29,9999-01-01
152987,238403,d008,2002-02-18,9999-01-01
153021,238435,d002,2002-07-28,9999-01-01
153224,238619,d004,2002-03-20,9999-01-01
153378,238758,d005,2002-04-02,9999-01-01
153401,238778,d003,2002-06-20,9999-01-01
153711,239059,d008,2002-04-12,9999-01-01
154074,239389,d004,2002-07-22,9999-01-01
154116,239426,d008,2002-05-07,9999-01-01
154254,239551,d003,2002-01-10,9999-01-01
154389,239673,d009,2002-03-20,9999-01-01
154441,239721,d001,2002-07-22,9999-01-01
154909,240144,d003,2002-02-08,9999-01-01
155040,240263,d009,2002-07-23,9999-01-01
155289,240489,d001,2002-04-20,9999-01-01
155320,240516,d009,2002-02-03,9999-01-01
155331,240526,d003,2002-04-05,9999-01-01
155534,240711,d004,2002-06-27,9999-01-01
155583,240755,d004,2002-02-13,9999-01-01
155628,240796,d001,2002-07-15,9999-01-01
155681,240843,d008,2002-06-20,9999-01-01
155792,240944,d004,2002-07-14,9999-01-01
155996,241127,d008,2002-03-16,9999-01-01
156028,241157,d005,2002-07-14,9999-01-01
156082,241205,d006,2002-06-04,9999-01-01
156281,241385,d009,2002-06-07,9999-01-01
156542,241622,d009,2002-01-19,9999-01-01
157088,242118,d005,2002-07-03,9999-01-01
157099,242128,d004,2002-02-14,9999-01-01
157211,242229,d001,2002-05-18,9999-01-01
157379,242381,d004,2002-04-27,9999-01-01
157388,242389,d004,2002-03-10,9999-01-01
157430,242427,d001,2002-07-18,9999-01-01
157485,242476,d007,2002-07-14,9999-01-01
158164,243091,d008,2002-02-05,9999-01-01
158455,243354,d008,2002-04-06,9999-01-01
158736,243609,d006,2002-02-12,9999-01-01
158882,243742,d005,2002-03-11,9999-01-01
158997,243845,d009,2002-05-04,9999-01-01
159337,244153,d001,2002-05-15,9999-01-01
159525,244322,d009,2002-02-27,9999-01-01
159626,244413,d008,2002-02-16,9999-01-01
159757,244532,d008,2002-02-18,9999-01-01
160670,245358,d004,2002-01-28,9999-01-01
160680,245366,d009,2002-04-07,9999-01-01
160731,245413,d001,2002-07-01,9999-01-01
160814,245488,d001,2002-07-17,9999-01-01
160875,245542,d009,2002-05-10,9999-01-01
160970,245629,d005,2002-04-26,9999-01-01
161746,246332,d004,2002-07-23,9999-01-01
161945,246511,d006,2002-07-03,9999-01-01
162143,246691,d004,2002-03-18,9999-01-01
162190,246733,d009,2002-04-15,9999-01-01
162229,246769,d001,2002-02-02,9999-01-01
162303,246835,d006,2002-05-27,9999-01-01
162591,247095,d009,2002-05-08,9999-01-01
162644,247144,d004,2002-07-04,9999-01-01
162656,247155,d004,2002-05-20,9999-01-01
162699,247194,d002,2002-03-30,9999-01-01
163048,247509,d004,2002-02-25,9999-01-01
163197,247644,d004,2002-04-12,9999-01-01
163342,247775,d004,2002-06-30,9999-01-01
163513,247929,d009,2002-03-16,9999-01-01
163670,248072,d001,2002-07-02,9999-01-01
163804,248192,d007,2002-05-25,9999-01-01
163824,248211,d001,2002-07-15,9999-01-01
163848,248232,d009,2002-02-07,9999-01-01
164053,248418,d001,2002-05-14,9999-01-01
164062,248426,d001,2002-04-08,9999-01-01
164364,248699,d001,2002-07-30,9999-01-01
164621,248931,d009,2002-07-05,9999-01-01
164652,248960,d004,2002-07-13,9999-01-01
164731,249032,d001,2002-07-17,9999-01-01
164742,249041,d008,2002-07-02,9999-01-01
164812,249105,d004,2002-03-26,9999-01-01
164969,249246,d006,2002-03-16,9999-01-01
165012,249285,d007,2002-07-24,9999-01-01
165043,249313,d003,2002-05-15,9999-01-01
165137,249398,d008,2002-01-03,9999-01-01
165375,249614,d008,2002-05-03,9999-01-01
165452,249684,d007,2002-01-22,9999-01-01
165483,249712,d006,2002-04-18,9999-01-01
165494,249722,d008,2002-07-06,9999-01-01
165960,250144,d004,2002-06-14,9999-01-01
166386,250528,d007,2002-01-07,9999-01-01
166460,250595,d006,2002-02-13,9999-01-01
166696,250810,d004,2002-03-29,9999-01-01
166729,250840,d004,2002-07-12,9999-01-01
166867,250964,d008,2002-01-05,9999-01-01
167056,251136,d001,2002-04-11,9999-01-01
167076,251154,d004,2002-06-06,9999-01-01
167459,251501,d004,2002-04-11,9999-01-01
167511,251548,d004,2002-07-05,9999-01-01
167595,251623,d008,2002-04-22,9999-01-01
167667,251688,d009,2002-06-18,9999-01-01
168071,252054,d008,2002-02-14,9999-01-01
168199,252170,d008,2002-06-25,9999-01-01
168307,252268,d009,2002-06-19,9999-01-01
168399,252351,d009,2002-03-19,9999-01-01
168442,252391,d001,2002-03-25,9999-01-01
168589,252523,d009,2002-06-21,9999-01-01
168906,252810,d006,2002-03-28,9999-01-01
168928,252830,d006,2002-03-11,9999-01-01
168948,252849,d001,2002-05-15,9999-01-01
169216,253091,d004,2002-01-11,9999-01-01
169279,253148,d004,2002-05-25,9999-01-01
169449,253301,d009,2002-05-22,9999-01-01
169522,253367,d008,2002-05-24,9999-01-01
169587,253427,d004,2002-07-12,9999-01-01
169599,253437,d006,2002-06-01,9999-01-01
169627,253463,d002,2002-05-13,9999-01-01
169711,253538,d008,2002-05-03,9999-01-01
169761,253583,d008,2002-07-26,9999-01-01
169793,253613,d001,2002-03-29,9999-01-01
169994,253794,d005,2002-04-19,9999-01-01
170335,254103,d004,2002-07-27,9999-01-01
170512,254262,d008,2002-05-17,9999-01-01
170667,254403,d006,2002-04-02,9999-01-01
170730,254461,d004,2002-03-05,9999-01-01
170902,254616,d009,2002-07-10,9999-01-01
171456,255117,d009,2002-01-22,9999-01-01
171816,255443,d006,2002-06-04,9999-01-01
171865,255488,d004,2002-03-19,9999-01-01
172037,255643,d009,2002-03-05,9999-01-01
172213,255803,d001,2002-06-15,9999-01-01
172367,255942,d009,2002-04-23,9999-01-01
172696,256239,d009,2002-07-12,9999-01-01
172873,256399,d009,2002-03-31,9999-01-01
172905,256429,d004,2002-05-05,9999-01-01
173056,256565,d004,2002-05-22,9999-01-01
173294,256781,d001,2002-07-07,9999-01-01
173360,256840,d006,2002-04-30,9999-01-01
173378,256857,d004,2002-02-10,9999-01-01
173573,257033,d005,2002-04-23,9999-01-01
174079,257490,d008,2002-03-08,9999-01-01
174225,257623,d001,2002-02-28,9999-01-01
174235,257632,d005,2002-05-27,9999-01-01
174447,257823,d009,2002-01-24,9999-01-01
174556,257922,d006,2002-05-03,9999-01-01
174639,257998,d001,2002-07-01,9999-01-01
174738,258087,d003,2002-02-13,9999-01-01
174825,258166,d009,2002-07-14,9999-01-01
174871,258208,d007,2002-02-08,9999-01-01
174894,258229,d009,2002-07-12,9999-01-01
174971,258299,d009,2002-01-16,9999-01-01
175086,258403,d006,2002-05-26,9999-01-01
175219,258524,d004,2002-04-20,9999-01-01
175936,259170,d008,2002-06-25,9999-01-01
176335,259530,d009,2002-07-19,9999-01-01
176552,259728,d001,2002-02-14,9999-01-01
176950,260087,d007,2002-07-19,9999-01-01
177002,260135,d004,2002-01-19,9999-01-01
177202,260315,d009,2002-06-06,9999-01-01
177329,260431,d004,2002-07-23,9999-01-01
177523,260605,d009,2002-01-02,2002-02-09
177617,260691,d004,2002-07-15,9999-01-01
177647,260718,d001,2002-04-27,9999-01-01
177911,260956,d009,2002-06-04,9999-01-01
177940,260983,d004,2002-06-25,9999-01-01
177962,261003,d004,2002-02-12,9999-01-01
178075,261105,d009,2002-03-08,9999-01-01
178199,261217,d009,2002-06-02,9999-01-01
178783,261746,d009,2002-01-26,9999-01-01
178891,261845,d005,2002-02-18,9999-01-01
179125,262057,d001,2002-02-19,9999-01-01
179134,262065,d001,2002-06-25,9999-01-01
179157,262085,d007,2002-02-05,9999-01-01
179497,262393,d004,2002-03-14,9999-01-01
179660,262540,d006,2002-03-31,9999-01-01
179680,262558,d003,2002-03-19,9999-01-01
179739,262612,d004,2002-01-13,9999-01-01
179748,262620,d004,2002-06-01,9999-01-01
179758,262628,d009,2002-06-10,9999-01-01
179807,262673,d005,2002-06-13,9999-01-01
180048,262890,d009,2002-04-27,9999-01-01
180186,263015,d009,2002-03-13,9999-01-01
180558,263353,d004,2002-07-06,9999-01-01
180741,263518,d006,2002-04-28,9999-01-01
180912,263673,d009,2002-04-20,9999-01-01
180961,263717,d009,2002-04-19,9999-01-01
180983,263738,d004,2002-02-10,9999-01-01
181037,263786,d009,2002-03-25,9999-01-01
181146,263884,d007,2002-06-21,9999-01-01
181611,264306,d004,2002-04-17,9999-01-01
181864,264535,d004,2002-07-08,9999-01-01
181963,264625,d001,2002-01-09,9999-01-01
182290,264920,d007,2002-01-27,9999-01-01
182536,265143,d006,2002-04-27,9999-01-01
182662,265257,d006,2002-03-30,9999-01-01
182671,265266,d001,2002-06-29,9999-01-01
182766,265351,d009,2002-06-18,9999-01-01
183126,265677,d004,2002-02-07,9999-01-01
183138,265687,d008,2002-03-13,9999-01-01
183312,265845,d005,2002-04-19,9999-01-01
183541,266051,d006,2002-06-13,9999-01-01
183646,266147,d001,2002-04-05,9999-01-01
183743,266235,d001,2002-01-15,9999-01-01
183768,266257,d009,2002-02-19,9999-01-01
183851,266333,d001,2002-07-02,9999-01-01
183959,266431,d001,2002-04-08,9999-01-01
183972,266442,d007,2002-07-02,9999-01-01
184429,266856,d009,2002-07-07,9999-01-01
184742,267140,d004,2002-05-20,9999-01-01
184957,267334,d004,2002-05-18,9999-01-01
185072,267437,d009,2002-06-07,9999-01-01
185369,267705,d006,2002-04-01,9999-01-01
185380,267715,d009,2002-05-23,9999-01-01
185586,267902,d005,2002-01-12,9999-01-01
185619,267931,d006,2002-07-17,9999-01-01
185838,268130,d004,2002-02-22,9999-01-01
185891,268177,d008,2002-05-16,9999-01-01
186145,268408,d004,2002-03-02,9999-01-01
186315,268562,d001,2002-01-27,9999-01-01
186446,268680,d009,2002-06-15,9999-01-01
186769,268972,d008,2002-04-02,9999-01-01
187077,269251,d009,2002-06-08,9999-01-01
187430,269571,d009,2002-02-20,9999-01-01
187741,269854,d004,2002-07-11,9999-01-01
187844,269947,d004,2002-06-11,9999-01-01
188119,270195,d009,2002-06-28,9999-01-01
188138,270213,d001,2002-03-18,9999-01-01
188428,270476,d004,2002-03-27,9999-01-01
188599,270631,d004,2002-06-17,9999-01-01
188768,270784,d005,2002-08-01,9999-01-01
188994,270989,d005,2002-03-23,9999-01-01
189178,271155,d004,2002-04-23,9999-01-01
189220,271192,d003,2002-06-29,9999-01-01
189353,271313,d006,2002-01-11,9999-01-01
189762,271683,d003,2002-05-19,9999-01-01
189795,271714,d005,2002-04-14,9999-01-01
189844,271758,d002,2002-07-13,9999-01-01
190210,272089,d008,2002-01-07,9999-01-01
190611,272452,d008,2002-02-27,9999-01-01
190702,272535,d002,2002-06-15,9999-01-01
190866,272683,d004,2002-05-23,9999-01-01
190930,272740,d006,2002-06-26,9999-01-01
191572,273321,d009,2002-02-18,9999-01-01
191614,273360,d004,2002-06-15,9999-01-01
191896,273615,d001,2002-03-15,9999-01-01
192010,273718,d004,2002-06-24,9999-01-01
192075,273776,d006,2002-04-09,9999-01-01
192334,274011,d002,2002-06-29,9999-01-01
192572,274225,d008,2002-02-05,9999-01-01
192612,274261,d009,2002-01-28,9999-01-01
192765,274399,d009,2002-04-25,9999-01-01
193211,274802,d009,2002-04-04,9999-01-01
193575,275132,d009,2002-06-28,9999-01-01
193809,275344,d004,2002-02-11,9999-01-01
193852,275383,d004,2002-01-20,9999-01-01
193871,275399,d009,2002-07-23,9999-01-01
193951,275471,d009,2002-01-07,9999-01-01
194162,275663,d005,2002-03-14,9999-01-01
194174,275673,d006,2002-06-29,9999-01-01
194933,276361,d004,2002-01-23,9999-01-01
194956,276381,d006,2002-02-23,9999-01-01
195161,276566,d009,2002-04-11,9999-01-01
195471,276848,d005,2002-03-04,9999-01-01
195825,277168,d004,2002-04-22,9999-01-01
196047,277369,d004,2002-07-26,9999-01-01
196059,277379,d009,2002-07-25,9999-01-01
196197,277504,d006,2002-06-12,9999-01-01
196431,277717,d005,2002-07-30,9999-01-01
196561,277834,d009,2002-05-12,9999-01-01
196796,278046,d006,2002-04-19,9999-01-01
197076,278300,d009,2002-04-14,9999-01-01
197205,278416,d009,2002-04-14,9999-01-01
197535,278715,d006,2002-03-13,9999-01-01
197598,278772,d006,2002-03-29,9999-01-01
197915,279060,d005,2002-01-13,9999-01-01
198048,279180,d002,2002-06-19,9999-01-01
198396,279495,d004,2002-07-22,9999-01-01
198603,279681,d009,2002-07-05,9999-01-01
198782,279842,d009,2002-03-28,9999-01-01
198791,279851,d001,2002-01-26,9999-01-01
198928,279974,d008,2002-06-08,9999-01-01
199216,280236,d001,2002-06-11,9999-01-01
199907,280862,d001,2002-02-05,9999-01-01
200079,281018,d002,2002-03-06,2002-06-21
200123,281058,d004,2002-07-26,9999-01-01
200173,281103,d004,2002-06-16,9999-01-01
200192,281120,d001,2002-06-03,9999-01-01
200204,281131,d005,2002-05-04,9999-01-01
200256,281178,d004,2002-05-05,9999-01-01
200269,281189,d006,2002-03-25,9999-01-01
200399,281308,d004,2002-03-14,9999-01-01
200748,281623,d006,2002-01-24,9999-01-01
200769,281642,d009,2002-02-04,9999-01-01
200819,281687,d009,2002-06-23,9999-01-01
201667,282455,d008,2002-08-01,9999-01-01
201736,282518,d001,2002-06-02,9999-01-01
201804,282579,d003,2002-02-09,9999-01-01
201927,282691,d005,2002-01-09,9999-01-01
202477,283188,d009,2002-06-09,9999-01-01
203429,284050,d005,2002-02-21,9999-01-01
203458,284076,d004,2002-02-28,9999-01-01
203556,284163,d006,2002-04-04,9999-01-01
203712,284304,d008,2002-02-03,9999-01-01
203888,284464,d001,2002-02-23,9999-01-01
204435,284957,d009,2002-01-23,9999-01-01
204596,285103,d003,2002-04-03,9999-01-01
204972,285443,d008,2002-07-09,9999-01-01
205065,285528,d004,2002-01-14,9999-01-01
205148,285603,d004,2002-02-15,9999-01-01
205199,285649,d004,2002-01-27,9999-01-01
205476,285898,d009,2002-06-03,9999-01-01
205763,286158,d006,2002-02-21,9999-01-01
205791,286184,d004,2002-06-09,9999-01-01
205895,286278,d001,2002-03-08,9999-01-01
206017,286389,d004,2002-06-07,9999-01-01
206432,286764,d003,2002-06-29,9999-01-01
206561,286880,d008,2002-01-25,9999-01-01
206646,286957,d008,2002-06-18,9999-01-01
207035,287309,d009,2002-03-21,9999-01-01
207097,287366,d004,2002-03-26,9999-01-01
207200,287458,d009,2002-04-26,9999-01-01
207353,287597,d004,2002-07-19,9999-01-01
207449,287684,d001,2002-02-26,9999-01-01
207479,287711,d001,2002-04-26,9999-01-01
207651,287865,d003,2002-04-13,9999-01-01
207679,287891,d004,2002-01-13,9999-01-01
207744,287950,d001,2002-03-16,9999-01-01
208287,288440,d009,2002-06-20,9999-01-01
208619,288741,d004,2002-05-02,9999-01-01
208650,288768,d006,2002-07-09,9999-01-01
209003,289087,d008,2002-01-13,9999-01-01
209476,289516,d005,2002-04-24,9999-01-01
209760,289773,d004,2002-07-05,9999-01-01
209821,289828,d002,2002-01-17,9999-01-01
209927,289924,d004,2002-03-27,9999-01-01
210101,290081,d001,2002-05-25,9999-01-01
210121,290098,d008,2002-04-22,9999-01-01
210696,290618,d005,2002-02-16,9999-01-01
210795,290707,d007,2002-03-17,9999-01-01
210806,290718,d005,2002-07-24,9999-01-01
210835,290744,d004,2002-01-09,9999-01-01
211392,291247,d009,2002-02-20,9999-01-01
211402,291256,d009,2002-03-11,9999-01-01
211541,291382,d009,2002-03-12,9999-01-01
212384,292146,d005,2002-01-09,9999-01-01
212467,292220,d009,2002-06-29,9999-01-01
212672,292405,d006,2002-02-16,9999-01-01
212882,292595,d002,2002-04-27,9999-01-01
212947,292653,d007,2002-07-23,9999-01-01
213123,292813,d004,2002-07-16,9999-01-01
213290,292964,d005,2002-06-26,9999-01-01
213324,292995,d004,2002-06-01,9999-01-01
213345,293013,d009,2002-07-24,9999-01-01
213393,293056,d007,2002-05-18,9999-01-01
213428,293088,d009,2002-07-27,9999-01-01
213457,293114,d009,2002-04-05,9999-01-01
213525,293176,d009,2002-07-04,9999-01-01
214029,293632,d001,2002-06-17,9999-01-01
214087,293684,d009,2002-02-05,9999-01-01
214228,293812,d009,2002-03-11,9999-01-01
214642,294187,d001,2002-05-22,9999-01-01
214683,294223,d003,2002-02-07,9999-01-01
214782,294313,d008,2002-02-23,9999-01-01
214860,294384,d009,2002-04-16,9999-01-01
215002,294514,d005,2002-05-12,9999-01-01
215074,294578,d006,2002-03-01,9999-01-01
215508,294972,d004,2002-06-07,9999-01-01
215611,295065,d004,2002-04-02,9999-01-01
215644,295095,d004,2002-03-08,9999-01-01
215699,295144,d009,2002-03-01,9999-01-01
216028,295442,d008,2002-06-02,9999-01-01
216084,295493,d006,2002-02-15,9999-01-01
216418,295795,d001,2002-06-18,9999-01-01
217209,296510,d009,2002-06-19,9999-01-01
217278,296574,d001,2002-06-15,9999-01-01
217518,296790,d008,2002-06-18,9999-01-01
217568,296835,d006,2002-04-29,9999-01-01
217876,297116,d001,2002-06-22,9999-01-01
217886,297124,d008,2002-01-04,9999-01-01
218448,297634,d004,2002-03-28,9999-01-01
218457,297642,d001,2002-02-20,9999-01-01
218650,297816,d006,2002-04-28,9999-01-01
218681,297844,d009,2002-03-15,9999-01-01
218940,298079,d004,2002-06-13,9999-01-01
218963,298099,d006,2002-02-02,9999-01-01
218994,298128,d001,2002-01-16,9999-01-01
219119,298240,d006,2002-02-14,9999-01-01
219149,298268,d004,2002-05-19,9999-01-01
219252,298360,d007,2002-01-13,9999-01-01
219506,298590,d001,2002-04-06,9999-01-01
219565,298643,d001,2002-07-10,9999-01-01
219678,298745,d004,2002-07-14,9999-01-01
219838,298889,d008,2002-03-07,9999-01-01
219987,299025,d002,2002-01-06,9999-01-01
220284,299294,d002,2002-05-02,2002-05-12
220387,299386,d006,2002-01-22,2002-06-11
220649,299623,d009,2002-01-04,9999-01-01
220800,299760,d001,2002-06-28,9999-01-01
220823,299780,d007,2002-04-10,9999-01-01
220912,299862,d005,2002-07-16,9999-01-01
220967,299911,d006,2002-07-25,9999-01-01
221085,400019,d004,2002-02-16,9999-01-01
221327,400238,d004,2002-01-17,9999-01-01
221383,400288,d009,2002-04-19,9999-01-01
221858,400718,d009,2002-04-23,9999-01-01
221887,400744,d003,2002-07-05,9999-01-01
222017,400862,d008,2002-03-19,9999-01-01
222945,401702,d009,2002-01-17,9999-01-01
223043,401791,d007,2002-02-15,9999-01-01
223063,401810,d004,2002-05-06,9999-01-01
223082,401827,d005,2002-05-30,9999-01-01
223134,401873,d009,2002-06-04,9999-01-01
223655,402345,d004,2002-01-18,9999-01-01
223665,402353,d007,2002-01-07,9999-01-01
223726,402409,d004,2002-04-27,9999-01-01
223867,402536,d004,2002-01-16,9999-01-01
224110,402755,d009,2002-06-08,9999-01-01
224190,402827,d003,2002-03-24,9999-01-01
224420,403035,d007,2002-06-30,9999-01-01
224950,403515,d001,2002-05-10,9999-01-01
224983,403545,d004,2002-03-30,9999-01-01
225014,403572,d009,2002-01-04,9999-01-01
225231,403770,d004,2002-06-29,9999-01-01
225317,403848,d001,2002-02-21,9999-01-01
225602,404105,d009,2002-07-03,9999-01-01
225623,404124,d008,2002-05-20,9999-01-01
225634,404134,d007,2002-03-15,9999-01-01
225982,404449,d004,2002-04-15,9999-01-01
226167,404615,d008,2002-06-04,9999-01-01
226266,404705,d009,2002-07-17,9999-01-01
226566,404976,d006,2002-03-24,2002-03-30
227017,405384,d009,2002-02-09,9999-01-01
227282,405624,d004,2002-02-01,9999-01-01
227576,405888,d007,2002-05-15,9999-01-01
227728,406027,d001,2002-06-30,9999-01-01
228233,406483,d008,2002-05-16,9999-01-01
228631,406844,d001,2002-03-15,9999-01-01
228768,406968,d004,2002-02-28,9999-01-01
228802,406998,d009,2002-02-03,9999-01-01
229217,407373,d004,2002-07-01,9999-01-01
229352,407495,d004,2002-06-04,9999-01-01
229945,408030,d008,2002-02-26,9999-01-01
230165,408229,d008,2002-06-21,9999-01-01
230175,408238,d008,2002-06-07,9999-01-01
230199,408260,d006,2002-04-10,9999-01-01
230590,408614,d009,2002-02-03,9999-01-01
230685,408700,d008,2002-05-15,9999-01-01
230778,408784,d009,2002-08-01,9999-01-01
230827,408828,d007,2002-02-05,9999-01-01
230946,408937,d002,2002-07-03,9999-01-01
231024,409008,d004,2002-05-02,9999-01-01
231108,409083,d008,2002-06-22,9999-01-01
231695,409615,d004,2002-07-03,9999-01-01
231734,409650,d002,2002-03-09,9999-01-01
231902,409802,d005,2002-01-31,9999-01-01
232238,410105,d009,2002-05-26,9999-01-01
232258,410123,d009,2002-03-15,9999-01-01
232307,410167,d009,2002-03-13,9999-01-01
232384,410238,d004,2002-01-22,9999-01-01
232503,410345,d009,2002-01-22,9999-01-01
233219,410993,d009,2002-02-02,9999-01-01
233288,411056,d004,2002-05-04,9999-01-01
233382,411140,d009,2002-03-08,9999-01-01
233402,411159,d004,2002-06-14,9999-01-01
233467,411217,d008,2002-07-12,9999-01-01
233520,411266,d005,2002-07-06,9999-01-01
233923,411630,d009,2002-06-27,9999-01-01
234072,411765,d008,2002-01-21,9999-01-01
234092,411784,d002,2002-02-10,9999-01-01
234524,412175,d001,2002-06-05,9999-01-01
234556,412203,d006,2002-07-08,9999-01-01
234733,412364,d005,2002-01-04,9999-01-01
234916,412528,d009,2002-04-08,9999-01-01
235407,412972,d009,2002-03-22,9999-01-01
235446,413007,d008,2002-07-29,9999-01-01
235634,413178,d001,2002-02-27,9999-01-01
235713,413250,d004,2002-08-01,9999-01-01
235752,413285,d005,2002-05-24,9999-01-01
235855,413378,d004,2002-02-10,9999-01-01
235916,413433,d004,2002-04-21,9999-01-01
235963,413475,d009,2002-05-07,9999-01-01
235971,413483,d004,2002-05-17,9999-01-01
236033,413538,d007,2002-03-05,9999-01-01
236153,413647,d004,2002-04-22,9999-01-01
236273,413755,d008,2002-05-02,9999-01-01
236282,413764,d005,2002-03-16,9999-01-01
236384,413856,d006,2002-03-14,9999-01-01
236582,414036,d005,2002-04-27,9999-01-01
236852,414278,d009,2002-07-20,9999-01-01
237030,414440,d001,2002-07-21,9999-01-01
237052,414459,d008,2002-01-09,9999-01-01
237129,414529,d004,2002-01-17,9999-01-01
237149,414546,d006,2002-07-02,9999-01-01
237316,414697,d008,2002-01-30,9999-01-01
237901,415227,d008,2002-06-08,9999-01-01
238496,415766,d007,2002-07-23,9999-01-01
239335,416526,d004,2002-03-13,9999-01-01
239486,416662,d007,2002-06-01,9999-01-01
239655,416815,d009,2002-01-03,9999-01-01
239730,416883,d008,2002-07-14,9999-01-01
239792,416939,d008,2002-05-03,9999-01-01
240014,417141,d001,2002-05-17,9999-01-01
240359,417453,d002,2002-05-13,9999-01-01
240544,417621,d001,2002-06-04,9999-01-01
240553,417629,d001,2002-06-06,9999-01-01
240634,417701,d009,2002-03-27,9999-01-01
240877,417921,d009,2002-02-28,9999-01-01
241138,418157,d006,2002-04-02,9999-01-01
241146,418165,d001,2002-03-25,9999-01-01
241237,418247,d001,2002-07-27,9999-01-01
242069,419000,d001,2002-05-04,9999-01-01
242184,419104,d004,2002-05-16,9999-01-01
242438,419333,d007,2002-01-17,9999-01-01
242457,419351,d005,2002-03-29,9999-01-01
243058,419894,d008,2002-03-04,9999-01-01
243523,420314,d005,2002-07-01,9999-01-01
243534,420323,d006,2002-06-26,9999-01-01
243658,420435,d003,2002-01-31,9999-01-01
243744,420513,d003,2002-03-12,9999-01-01
243847,420606,d006,2002-06-25,9999-01-01
243938,420689,d004,2002-03-29,9999-01-01
244177,420904,d008,2002-07-08,9999-01-01
244317,421032,d004,2002-07-01,9999-01-01
244408,421113,d008,2002-06-20,9999-01-01
244611,421297,d006,2002-06-27,9999-01-01
244640,421324,d004,2002-01-01,9999-01-01
244726,421401,d009,2002-05-14,9999-01-01
245044,421689,d009,2002-07-04,9999-01-01
245053,421697,d007,2002-04-26,9999-01-01
245139,421775,d007,2002-01-09,9999-01-01
245342,421959,d007,2002-02-10,9999-01-01
245426,422036,d004,2002-04-20,9999-01-01
245467,422072,d009,2002-04-28,9999-01-01
245497,422099,d006,2002-07-26,9999-01-01
245549,422146,d008,2002-03-13,9999-01-01
245632,422221,d009,2002-05-08,9999-01-01
245803,422376,d006,2002-06-29,9999-01-01
246052,422601,d009,2002-05-22,9999-01-01
246357,422876,d006,2002-02-05,9999-01-01
246634,423127,d008,2002-03-27,9999-01-01
246653,423144,d009,2002-03-04,9999-01-01
246746,423228,d003,2002-03-02,9999-01-01
246830,423305,d004,2002-07-26,9999-01-01
246938,423402,d008,2002-03-27,9999-01-01
246988,423448,d001,2002-03-30,9999-01-01
247055,423508,d006,2002-06-30,9999-01-01
247195,423635,d004,2002-06-30,9999-01-01
247503,423912,d006,2002-07-02,9999-01-01
247584,423986,d005,2002-06-20,9999-01-01
247607,424006,d009,2002-02-15,9999-01-01
247669,424062,d009,2002-02-03,9999-01-01
247953,424319,d009,2002-03-07,9999-01-01
248060,424416,d009,2002-05-19,9999-01-01
248080,424435,d004,2002-02-28,9999-01-01
248220,424562,d004,2002-02-08,9999-01-01
248894,425173,d009,2002-03-17,9999-01-01
249128,425386,d004,2002-04-22,9999-01-01
249216,425465,d008,2002-05-30,9999-01-01
249607,425818,d008,2002-05-26,9999-01-01
249853,426040,d009,2002-07-12,9999-01-01
250003,426175,d006,2002-05-21,9999-01-01
250237,426387,d009,2002-07-01,9999-01-01
250267,426415,d004,2002-03-19,9999-01-01
250381,426517,d009,2002-07-18,9999-01-01
250426,426558,d009,2002-03-25,9999-01-01
250699,426806,d001,2002-01-16,9999-01-01
250829,426923,d006,2002-07-12,9999-01-01
250912,426999,d004,2002-04-28,9999-01-01
251018,427095,d004,2002-02-27,9999-01-01
251425,427463,d001,2002-02-03,9999-01-01
252042,428022,d005,2002-04-16,9999-01-01
252269,428227,d006,2002-02-28,9999-01-01
252374,428323,d005,2002-06-05,9999-01-01
252662,428582,d007,2002-03-20,9999-01-01
252752,428663,d009,2002-06-27,9999-01-01
253064,428944,d003,2002-07-16,9999-01-01
253094,428972,d004,2002-06-11,9999-01-01
253469,429311,d009,2002-05-29,9999-01-01
253798,429609,d009,2002-04-27,9999-01-01
253979,429773,d004,2002-03-26,9999-01-01
254200,429972,d008,2002-03-19,9999-01-01
254251,430018,d003,2002-07-09,9999-01-01
254524,430266,d004,2002-03-19,9999-01-01
254935,430638,d005,2002-02-11,9999-01-01
255622,431260,d008,2002-03-02,9999-01-01
255742,431368,d008,2002-07-26,9999-01-01
255797,431418,d009,2002-05-09,9999-01-01
255806,431427,d004,2002-02-06,9999-01-01
256197,431781,d004,2002-07-22,9999-01-01
256217,431799,d002,2002-03-20,9999-01-01
256301,431875,d001,2002-04-13,9999-01-01
256312,431884,d009,2002-02-02,9999-01-01
256773,432301,d006,2002-02-20,9999-01-01
256891,432408,d004,2002-06-24,9999-01-01
257234,432718,d007,2002-05-11,9999-01-01
257277,432757,d009,2002-05-02,9999-01-01
257319,432796,d004,2002-05-09,9999-01-01
257432,432897,d003,2002-06-29,9999-01-01
257864,433289,d006,2002-07-22,9999-01-01
258071,433477,d009,2002-02-04,9999-01-01
258498,433862,d009,2002-01-12,9999-01-01
258725,434067,d008,2002-03-22,9999-01-01
258970,434288,d008,2002-04-25,9999-01-01
259087,434394,d008,2002-02-20,9999-01-01
259298,434584,d009,2002-07-05,9999-01-01
259574,434835,d004,2002-06-25,9999-01-01
259818,435055,d009,2002-02-08,9999-01-01
259891,435121,d007,2002-02-04,9999-01-01
259914,435142,d009,2002-07-12,9999-01-01
260136,435343,d009,2002-05-09,9999-01-01
260415,435597,d004,2002-07-26,9999-01-01
260956,436087,d001,2002-06-27,9999-01-01
261386,436476,d004,2002-02-23,9999-01-01
261541,436616,d008,2002-03-21,9999-01-01
261553,436627,d009,2002-01-08,9999-01-01
261694,436756,d002,2002-02-20,9999-01-01
261771,436825,d006,2002-01-06,9999-01-01
261837,436885,d008,2002-04-28,9999-01-01
262092,437116,d008,2002-06-20,9999-01-01
262154,437172,d009,2002-04-14,9999-01-01
262537,437519,d005,2002-02-12,9999-01-01
262813,437769,d004,2002-03-26,9999-01-01
263203,438121,d009,2002-04-13,9999-01-01
263277,438188,d008,2002-04-30,9999-01-01
263809,438670,d004,2002-04-06,9999-01-01
265194,439922,d001,2002-03-28,9999-01-01
265253,439975,d001,2002-01-29,9999-01-01
265285,440003,d009,2002-01-29,9999-01-01
265337,440050,d007,2002-03-17,9999-01-01
265548,440241,d006,2002-05-22,9999-01-01
265568,440259,d009,2002-05-13,9999-01-01
265587,440277,d004,2002-02-26,9999-01-01
265827,440494,d005,2002-03-09,9999-01-01
266190,440822,d004,2002-04-25,9999-01-01
266263,440888,d005,2002-06-08,9999-01-01
266434,441043,d004,2002-01-07,2002-03-22
266487,441090,d009,2002-01-31,9999-01-01
266508,441110,d004,2002-04-01,9999-01-01
266828,441399,d004,2002-07-21,9999-01-01
266989,441545,d004,2002-01-05,9999-01-01
267169,441707,d009,2002-03-03,9999-01-01
267461,441971,d007,2002-06-19,9999-01-01
267499,442006,d004,2002-06-30,9999-01-01
267777,442258,d004,2002-02-11,9999-01-01
267799,442277,d007,2002-03-21,9999-01-01
267840,442314,d006,2002-03-30,9999-01-01
267998,442458,d004,2002-01-28,9999-01-01
268100,442549,d009,2002-07-20,9999-01-01
268162,442605,d008,2002-03-29,9999-01-01
268426,442844,d006,2002-07-28,9999-01-01
268647,443045,d005,2002-05-15,9999-01-01
268800,443183,d004,2002-01-24,9999-01-01
268840,443218,d006,2002-02-02,9999-01-01
269628,443934,d004,2002-03-06,9999-01-01
270418,444648,d009,2002-05-04,9999-01-01
270459,444686,d004,2002-02-06,9999-01-01
270523,444743,d006,2002-06-25,9999-01-01
270612,444824,d004,2002-02-25,9999-01-01
270641,444850,d005,2002-03-21,9999-01-01
270764,444961,d004,2002-05-21,9999-01-01
271190,445344,d006,2002-07-03,9999-01-01
271314,445457,d002,2002-07-29,9999-01-01
271575,445692,d009,2002-07-10,9999-01-01
271598,445713,d006,2002-03-19,9999-01-01
271683,445790,d008,2002-07-04,9999-01-01
272077,446147,d005,2002-06-24,9999-01-01
272207,446265,d004,2002-03-18,9999-01-01
272312,446360,d005,2002-01-28,9999-01-01
272431,446468,d004,2002-06-29,9999-01-01
272522,446550,d006,2002-06-04,9999-01-01
272621,446641,d004,2002-04-01,9999-01-01
272704,446716,d001,2002-03-27,9999-01-01
273222,447184,d004,2002-07-14,9999-01-01
273299,447253,d008,2002-04-28,9999-01-01
273432,447374,d004,2002-07-07,9999-01-01
273530,447463,d005,2002-07-15,9999-01-01
273642,447564,d009,2002-01-16,9999-01-01
273787,447695,d006,2002-03-29,9999-01-01
273900,447798,d004,2002-07-03,9999-01-01
274015,447901,d009,2002-04-22,9999-01-01
274245,448110,d001,2002-05-01,2002-07-30
274490,448332,d001,2002-04-25,9999-01-01
274525,448364,d004,2002-07-21,9999-01-01
274642,448469,d009,2002-02-06,9999-01-01
275062,448849,d007,2002-06-01,9999-01-01
275255,449025,d001,2002-05-30,9999-01-01
275266,449034,d006,2002-03-05,9999-01-01
275392,449149,d004,2002-04-24,9999-01-01
275515,449260,d002,2002-02-07,9999-01-01
275796,449513,d009,2002-06-26,9999-01-01
275909,449615,d009,2002-04-12,9999-01-01
276052,449744,d009,2002-02-20,9999-01-01
276228,449904,d004,2002-03-25,9999-01-01
276282,449953,d001,2002-02-26,9999-01-01
276401,450060,d006,2002-06-10,9999-01-01
276476,450128,d008,2002-01-31,9999-01-01
276551,450196,d006,2002-01-08,9999-01-01
276574,450217,d006,2002-07-18,9999-01-01
276690,450322,d006,2002-06-09,9999-01-01
276799,450422,d005,2002-04-27,9999-01-01
277133,450723,d008,2002-05-02,9999-01-01
277143,450732,d008,2002-02-20,9999-01-01
277242,450823,d002,2002-07-21,9999-01-01
277616,451161,d004,2002-05-07,9999-01-01
277669,451208,d006,2002-07-10,9999-01-01
277766,451296,d009,2002-02-22,9999-01-01
277870,451391,d001,2002-07-17,9999-01-01
277893,451412,d004,2002-04-18,9999-01-01
278066,451568,d008,2002-05-23,9999-01-01
278359,451833,d003,2002-03-18,9999-01-01
278421,451890,d004,2002-02-11,9999-01-01
278455,451921,d004,2002-05-17,9999-01-01
278498,451959,d009,2002-03-02,9999-01-01
278620,452069,d006,2002-01-27,9999-01-01
278757,452193,d009,2002-05-03,9999-01-01
278912,452334,d005,2002-05-28,9999-01-01
279038,452447,d007,2002-07-27,9999-01-01
279146,452545,d008,2002-03-12,9999-01-01
279210,452604,d004,2002-03-17,9999-01-01
279241,452631,d009,2002-06-29,9999-01-01
279698,453045,d008,2002-01-20,9999-01-01
280021,453337,d008,2002-02-01,9999-01-01
280194,453493,d009,2002-07-20,9999-01-01
280227,453524,d004,2002-03-26,9999-01-01
280290,453580,d008,2002-01-24,9999-01-01
280416,453695,d004,2002-07-14,9999-01-01
280591,453853,d004,2002-02-15,9999-01-01
280706,453957,d001,2002-02-02,9999-01-01
280876,454111,d004,2002-02-24,9999-01-01
281225,454426,d008,2002-07-15,9999-01-01
281435,454616,d009,2002-05-01,9999-01-01
281539,454711,d004,2002-03-10,9999-01-01
281582,454749,d009,2002-07-13,9999-01-01
281835,454978,d007,2002-01-22,9999-01-01
281884,455023,d004,2002-01-14,9999-01-01
281934,455067,d008,2002-03-14,9999-01-01
282048,455171,d005,2002-03-03,9999-01-01
282579,455651,d006,2002-06-18,9999-01-01
282893,455935,d006,2002-05-30,9999-01-01
283098,456122,d004,2002-01-15,9999-01-01
283129,456149,d009,2002-02-15,9999-01-01
283293,456297,d008,2002-01-25,9999-01-01
283302,456305,d007,2002-03-03,9999-01-01
283928,456871,d006,2002-06-18,9999-01-01
283949,456890,d007,2002-01-03,9999-01-01
284517,457404,d009,2002-03-07,9999-01-01
284824,457681,d001,2002-05-05,9999-01-01
285266,458080,d001,2002-05-19,9999-01-01
285600,458382,d001,2002-07-15,9999-01-01
285621,458400,d009,2002-03-17,9999-01-01
285850,458607,d006,2002-01-31,9999-01-01
286168,458895,d004,2002-07-23,9999-01-01
286433,459134,d009,2002-05-04,9999-01-01
286569,459257,d008,2002-05-02,9999-01-01
286741,459412,d009,2002-08-01,9999-01-01
287029,459673,d006,2002-06-23,9999-01-01
287255,459877,d009,2002-02-27,9999-01-01
287393,460002,d008,2002-04-19,9999-01-01
287428,460034,d003,2002-01-14,9999-01-01
287487,460088,d004,2002-06-21,9999-01-01
288122,460660,d009,2002-01-28,9999-01-01
288514,461016,d007,2002-07-08,9999-01-01
288598,461092,d009,2002-02-13,9999-01-01
288620,461112,d009,2002-04-04,9999-01-01
288692,461177,d008,2002-03-25,9999-01-01
288984,461441,d009,2002-06-10,9999-01-01
288995,461451,d008,2002-03-26,9999-01-01
289085,461532,d007,2002-07-14,9999-01-01
289206,461641,d008,2002-07-08,9999-01-01
289474,461885,d004,2002-04-25,9999-01-01
289693,462082,d008,2002-04-04,9999-01-01
290122,462470,d004,2002-04-11,9999-01-01
290174,462516,d006,2002-04-04,9999-01-01
290227,462564,d008,2002-01-12,9999-01-01
290570,462874,d009,2002-07-01,9999-01-01
290615,462915,d008,2002-04-02,9999-01-01
290667,462962,d006,2002-04-15,9999-01-01
290748,463036,d005,2002-05-06,9999-01-01
291287,463523,d006,2002-01-09,9999-01-01
291400,463625,d007,2002-02-04,9999-01-01
291570,463779,d009,2002-04-12,9999-01-01
291635,463839,d004,2002-07-13,9999-01-01
291731,463926,d004,2002-01-23,2002-02-20
291775,463965,d009,2002-05-11,9999-01-01
291809,463996,d009,2002-07-12,9999-01-01
291839,464023,d006,2002-01-07,9999-01-01
291961,464134,d009,2002-03-20,9999-01-01
292296,464437,d006,2002-06-18,9999-01-01
292331,464469,d009,2002-07-14,9999-01-01
292350,464486,d009,2002-05-14,9999-01-01
292635,464745,d004,2002-03-23,9999-01-01
292947,465026,d003,2002-01-16,9999-01-01
293011,465084,d009,2002-04-20,9999-01-01
293780,465779,d009,2002-06-02,9999-01-01
294137,466102,d007,2002-06-28,9999-01-01
294285,466237,d009,2002-06-16,9999-01-01
294460,466396,d004,2002-03-08,9999-01-01
294895,466791,d004,2002-05-26,9999-01-01
295063,466943,d001,2002-03-07,9999-01-01
295073,466952,d004,2002-01-17,9999-01-01
295083,466960,d009,2002-06-27,9999-01-01
295214,467079,d004,2002-01-28,9999-01-01
295377,467226,d005,2002-07-30,9999-01-01
295842,467647,d004,2002-07-01,9999-01-01
295974,467765,d009,2002-04-17,9999-01-01
296322,468080,d007,2002-03-28,9999-01-01
296344,468100,d007,2002-07-22,9999-01-01
296897,468599,d006,2002-01-01,9999-01-01
296981,468676,d004,2002-05-29,9999-01-01
297140,468820,d004,2002-03-19,9999-01-01
297405,469059,d009,2002-04-02,9999-01-01
297414,469067,d009,2002-07-08,9999-01-01
297871,469482,d004,2002-05-28,9999-01-01
298104,469691,d007,2002-04-08,9999-01-01
298160,469742,d009,2002-05-04,9999-01-01
298388,469947,d008,2002-02-20,9999-01-01
298525,470072,d005,2002-07-10,9999-01-01
298571,470114,d004,2002-01-30,9999-01-01
298668,470202,d005,2002-05-04,9999-01-01
298727,470255,d004,2002-03-06,9999-01-01
298894,470405,d008,2002-06-16,9999-01-01
299005,470505,d008,2002-07-31,9999-01-01
299038,470535,d008,2002-03-23,9999-01-01
299303,470774,d008,2002-04-15,9999-01-01
299488,470941,d009,2002-02-01,9999-01-01
299607,471048,d007,2002-06-08,9999-01-01
299881,471296,d005,2002-02-17,9999-01-01
300045,471444,d009,2002-05-02,9999-01-01
300158,471547,d004,2002-02-21,9999-01-01
300191,471577,d004,2002-06-17,9999-01-01
300220,471602,d008,2002-04-09,9999-01-01
300252,471631,d009,2002-04-12,9999-01-01
300372,471740,d001,2002-07-10,9999-01-01
300469,471828,d004,2002-05-13,9999-01-01
300636,471979,d004,2002-03-07,9999-01-01
300832,472155,d008,2002-04-21,9999-01-01
301215,472502,d009,2002-04-15,9999-01-01
301394,472664,d009,2002-02-28,9999-01-01
301918,473139,d008,2002-02-01,9999-01-01
301935,473155,d001,2002-06-11,9999-01-01
302062,473269,d009,2002-07-31,9999-01-01
302308,473492,d009,2002-01-17,9999-01-01
302489,473656,d005,2002-04-03,9999-01-01
302849,473981,d009,2002-02-03,9999-01-01
303086,474195,d007,2002-02-01,2002-03-07
303277,474368,d009,2002-04-10,9999-01-01
303357,474440,d003,2002-06-14,9999-01-01
303540,474606,d009,2002-02-19,9999-01-01
303572,474636,d005,2002-01-22,9999-01-01
303789,474832,d001,2002-01-09,9999-01-01
303895,474928,d005,2002-03-06,9999-01-01
304230,475231,d002,2002-05-05,9999-01-01
304366,475353,d006,2002-03-22,9999-01-01
304582,475549,d009,2002-03-03,9999-01-01
304682,475639,d009,2002-04-26,9999-01-01
304788,475736,d005,2002-07-26,9999-01-01
304799,475745,d008,2002-06-21,9999-01-01
304937,475870,d009,2002-01-27,9999-01-01
305127,476042,d003,2002-01-04,9999-01-01
305170,476082,d004,2002-04-26,9999-01-01
305658,476522,d008,2002-02-26,9999-01-01
306008,476839,d001,2002-02-26,9999-01-01
306386,477180,d009,2002-02-06,9999-01-01
306650,477420,d004,2002-02-02,9999-01-01
306680,477447,d001,2002-01-20,9999-01-01
306701,477466,d004,2002-06-23,9999-01-01
306786,477542,d009,2002-03-13,9999-01-01
306989,477726,d009,2002-01-11,9999-01-01
307092,477820,d009,2002-01-10,9999-01-01
307137,477862,d004,2002-03-09,9999-01-01
307271,477982,d008,2002-03-03,9999-01-01
307408,478107,d005,2002-06-03,9999-01-01
307778,478441,d005,2002-03-28,9999-01-01
307874,478528,d004,2002-03-09,9999-01-01
307928,478577,d004,2002-06-24,9999-01-01
307939,478586,d009,2002-07-26,9999-01-01
308336,478946,d004,2002-04-14,9999-01-01
308375,478981,d002,2002-04-16,9999-01-01
308659,479238,d002,2002-05-06,9999-01-01
308786,479353,d004,2002-05-21,9999-01-01
308996,479542,d006,2002-07-15,9999-01-01
309474,479974,d009,2002-07-08,9999-01-01
309495,479994,d001,2002-01-19,9999-01-01
310393,480807,d008,2002-01-21,9999-01-01
310865,481235,d004,2002-06-24,9999-01-01
311035,481388,d009,2002-04-19,9999-01-01
311550,481854,d006,2002-01-24,9999-01-01
311883,482156,d006,2002-06-22,9999-01-01
312005,482268,d004,2002-01-19,9999-01-01
312093,482347,d009,2002-02-07,9999-01-01
312617,482821,d009,2002-01-08,9999-01-01
312757,482947,d006,2002-02-23,9999-01-01
312995,483163,d004,2002-05-24,9999-01-01
313469,483592,d007,2002-06-20,9999-01-01
313600,483711,d004,2002-03-21,9999-01-01
313692,483793,d003,2002-01-24,9999-01-01
313904,483985,d001,2002-07-30,9999-01-01
314026,484094,d006,2002-04-20,9999-01-01
314440,484470,d004,2002-04-11,9999-01-01
314604,484618,d001,2002-01-05,9999-01-01
314832,484824,d004,2002-03-07,9999-01-01
315423,485358,d004,2002-06-30,9999-01-01
315778,485678,d006,2002-07-22,9999-01-01
315942,485826,d003,2002-05-29,9999-01-01
315973,485854,d009,2002-05-16,9999-01-01
316033,485908,d006,2002-07-25,2002-07-29
316220,486077,d006,2002-07-04,9999-01-01
316707,486518,d008,2002-01-08,9999-01-01
316788,486591,d008,2002-03-31,9999-01-01
316838,486636,d009,2002-07-09,9999-01-01
317022,486804,d004,2002-06-03,9999-01-01
317033,486813,d008,2002-05-09,9999-01-01
317130,486901,d009,2002-01-09,9999-01-01
317366,487115,d007,2002-01-20,9999-01-01
317607,487334,d004,2002-05-02,9999-01-01
317628,487353,d005,2002-05-27,9999-01-01
317754,487466,d009,2002-01-24,9999-01-01
318220,487888,d002,2002-05-25,9999-01-01
318284,487945,d007,2002-05-31,9999-01-01
318475,488117,d007,2002-06-13,9999-01-01
319466,489014,d008,2002-05-13,9999-01-01
319610,489145,d005,2002-07-23,9999-01-01
319682,489209,d008,2002-07-25,9999-01-01
319877,489386,d009,2002-07-16,9999-01-01
319951,489453,d008,2002-04-14,9999-01-01
320689,490121,d004,2002-06-15,9999-01-01
321081,490475,d001,2002-01-04,9999-01-01
321225,490606,d001,2002-04-29,9999-01-01
321289,490663,d009,2002-05-21,9999-01-01
321352,490720,d006,2002-05-18,9999-01-01
321455,490813,d008,2002-02-22,9999-01-01
321464,490822,d001,2002-06-21,9999-01-01
321576,490923,d004,2002-07-07,9999-01-01
321686,491022,d006,2002-02-15,9999-01-01
321843,491165,d004,2002-02-20,9999-01-01
322001,491307,d009,2002-06-12,9999-01-01
322127,491422,d005,2002-01-30,9999-01-01
322428,491695,d004,2002-05-10,9999-01-01
322888,492112,d004,2002-03-19,9999-01-01
322900,492123,d004,2002-03-14,9999-01-01
322989,492204,d004,2002-03-31,9999-01-01
323539,492702,d009,2002-01-03,9999-01-01
323624,492779,d008,2002-01-08,9999-01-01
323677,492827,d009,2002-01-26,9999-01-01
323804,492943,d001,2002-06-11,9999-01-01
323826,492963,d001,2002-04-08,9999-01-01
323952,493076,d009,2002-06-06,9999-01-01
324113,493222,d006,2002-01-12,9999-01-01
324432,493511,d005,2002-05-10,9999-01-01
324547,493614,d008,2002-06-17,9999-01-01
324717,493769,d004,2002-05-23,9999-01-01
324891,493927,d004,2002-03-10,9999-01-01
324977,494005,d001,2002-07-13,9999-01-01
325009,494034,d005,2002-05-21,9999-01-01
325167,494176,d009,2002-04-23,9999-01-01
325612,494578,d009,2002-04-16,9999-01-01
325711,494667,d008,2002-02-08,9999-01-01
326040,494965,d008,2002-04-27,9999-01-01
326117,495035,d009,2002-06-26,9999-01-01
326254,495159,d009,2002-07-28,9999-01-01
326368,495263,d005,2002-07-11,9999-01-01
326463,495349,d001,2002-04-10,9999-01-01
326611,495483,d004,2002-04-13,9999-01-01
326699,495562,d009,2002-03-10,9999-01-01
326807,495660,d006,2002-01-26,9999-01-01
327023,495857,d001,2002-01-31,9999-01-01
327156,495977,d005,2002-06-19,9999-01-01
327166,495986,d001,2002-06-28,9999-01-01
327259,496070,d001,2002-01-29,2002-05-05
327725,496492,d004,2002-05-22,9999-01-01
328204,496925,d004,2002-02-24,9999-01-01
328227,496945,d006,2002-05-04,9999-01-01
328237,496955,d001,2002-06-16,9999-01-01
328248,496964,d009,2002-03-22,9999-01-01
328267,496981,d009,2002-04-28,9999-01-01
328569,497255,d004,2002-05-19,9999-01-01
328658,497335,d005,2002-02-09,9999-01-01
328670,497346,d004,2002-02-04,9999-01-01
329277,497893,d003,2002-06-16,9999-01-01
329725,498300,d004,2002-01-16,9999-01-01
329962,498514,d009,2002-05-11,9999-01-01
330047,498592,d001,2002-03-09,9999-01-01
330229,498757,d001,2002-04-30,9999-01-01
330428,498937,d001,2002-04-01,9999-01-01
330550,499046,d009,2002-05-06,9999-01-01
330608,499098,d008,2002-07-31,9999-01-01
331167,499604,d008,2002-06-30,9999-01-01
331289,499715,d005,2002-04-11,9999-01-01
331346,499767,d004,2002-02-04,9999-01-01
110528,110303,d004,1985-01-01,9999-01-01
110536,110800,d006,1986-08-12,9999-01-01
110537,110854,d006,1989-06-09,9999-01-01
110538,111035,d007,1985-01-01,9999-01-01
110540,111400,d008,1985-01-01,9999-01-01
110542,111692,d009,1985-01-01,9999-01-01
110527,110228,d003,1985-08-04,9999-01-01
110534,110725,d006,1985-01-01,9999-01-01
110526,110183,d003,1985-01-01,9999-01-01
110529,110344,d004,1985-11-22,9999-01-01
110522,110022,d001,1985-01-01,9999-01-01
110523,110039,d001,1986-04-12,9999-01-01
110524,110085,d002,1985-01-01,9999-01-01
110530,110386,d004,1988-10-14,9999-01-01
110533,110567,d005,1986-10-21,9999-01-01
110539,111133,d007,1986-12-30,9999-01-01
110525,110114,d002,1985-01-14,9999-01-01
110531,110420,d004,1992-02-05,9999-01-01
110532,110511,d005,1985-01-01,9999-01-01
110535,110765,d006,1989-01-07,9999-01-01
110541,111534,d008,1988-01-31,9999-01-01
110545,111939,d009,1989-07-10,9999-01-01
110543,111784,d009,1988-02-12,9999-01-01
110544,111877,d009,1991-08-17,9999-01-01
