emp_no,birthdate,first_name,last_name,gender,hire_date
10298,1954-07-06,Dietrich,DuCasse,F,1999-03-30
10040,1959-09-13,Weiyi,Meriste,F,1993-02-14
10604,1957-04-24,Susanna,Brizzi,M,1990-04-07
11092,1954-09-28,Narain,Stamatiou,M,1992-03-30
10681,1964-12-25,Florina,Garnier,M,1992-10-25
11004,1954-08-05,JoAnna,Decleir,F,1992-01-19
11456,1958-07-21,Anyuan,Seuren,F,1998-12-05
11649,1954-10-07,Shen,Bernardinello,F,1991-02-05
11732,1955-06-14,Sanjoy,Ranft,F,1985-08-11
12226,1961-06-16,Kankanahalli,Joslin,F,1997-02-07
12098,1957-08-12,Pranay,Eugenio,M,1991-01-21
12877,1960-04-08,Fay,Aseltine,F,1989-04-03
13402,1955-05-15,Augustine,Dulli,M,1985-09-15
12968,1958-04-17,Tsuneo,Akaboshi,M,1990-12-13
13458,1954-12-21,Feipei,Nivat,F,1985-12-12
13822,1960-11-22,Jianhao,Radwan,F,1998-06-04
13528,1964-02-21,Fumitaka,Liesche,F,1990-02-28
13538,1956-03-23,Mori,Picel,M,1990-01-31
13870,1952-04-25,Theirry,Kirkerud,F,1989-01-09
14372,1952-04-15,Saniya,Srimani,F,1988-01-23
14179,1958-11-25,Sverrir,Emiris,F,1993-01-05
14989,1961-11-08,Shalesh,Marzano,M,1986-03-18
14596,1961-11-02,Vesna,Khamsi,F,1992-12-23
16070,1960-12-18,Aleksandar,Rissland,M,1991-03-31
15410,1954-08-18,Wilmer,Kushner,F,1987-06-09
15643,1955-05-22,Anneli,Bednarek,M,1989-11-23
15662,1952-10-03,Shooichi,Danner,M,1992-11-03
15715,1955-02-26,Insup,Ibel,F,1987-10-24
15734,1955-12-12,Manibrata,Rajala,M,1996-12-24
15745,1958-10-17,Hugh,Muhlberg,M,1990-07-01
15893,1955-09-17,Hitofumi,Ducloy,M,1991-05-16
15932,1963-08-06,Zijian,Angelopoulos,M,1989-02-16
16122,1962-09-24,Mitchel,Rodham,F,1989-06-12
16132,1960-11-28,Reinhold,Narlikar,F,1989-08-03
16325,1956-01-01,Billie,Picel,M,1995-11-16
16272,1953-07-23,Shuho,Zeleznik,M,1986-04-16
16689,1957-05-23,Tamiya,Zuberek,M,1991-02-07
16768,1959-03-17,Elvia,Auyong,M,1992-11-21
16989,1964-11-06,Limsoon,Ruther,F,1989-03-30
17559,1953-12-01,Annemarie,Papastamatiou,M,1985-08-23
17419,1955-03-07,Lucien,Piancastelli,M,1996-01-17
18050,1962-06-27,Tsuneo,Zizka,F,1989-10-27
18157,1955-01-05,Fen,Frolund,M,1997-07-21
18931,1960-09-17,Tzvetan,Simmel,F,1986-10-11
18716,1954-01-01,JoAnne,Bratsberg,M,1991-10-13
20285,1958-03-10,Pramod,Escriba,M,1985-07-31
19555,1957-03-02,Sampalli,Levergood,M,1994-03-18
19770,1956-04-14,Fabrizio,Einsfeld,M,1992-03-12
19836,1959-06-25,Gladys,Levasseur,M,1985-06-18
20152,1954-04-11,Bezalel,Kavvadias,M,1993-03-22
20501,1956-05-14,Shem,Range,F,1986-01-08
20424,1959-09-29,Harjit,Murrill,M,1987-08-03
20556,1952-10-30,Paris,Keohane,M,1990-11-05
20814,1959-03-21,Nikolaos,Munoz,F,1987-04-30
20686,1952-12-01,Masasuke,Dahlbom,M,1989-10-07
20705,1963-11-04,Kristian,Michaeli,M,1995-11-09
20983,1956-03-08,Ziva,Badache,M,1995-01-12
20871,1962-03-10,Shigeu,Picci,F,1993-06-09
20918,1958-12-20,Annemarie,Sullins,M,1994-12-14
21283,1959-03-12,Masadi,Massonet,F,1986-11-08
21125,1957-10-24,Lucian,Asrin,M,1998-08-13
21546,1965-01-01,Yongmin,Lanteri,F,1988-02-16
21861,1959-09-21,Krassimir,Kuzuoka,F,1989-10-30
21703,1964-12-18,Kensei,Kawashima,M,1990-05-26
21758,1952-09-30,Susumu,Picht,F,1986-10-19
22080,1954-12-19,Shahar,Demos,F,1996-05-30
21970,1957-08-29,Subbu,Esteva,M,1986-10-10
22939,1964-01-28,Aloke,Spieker,M,1987-07-03
22185,1965-01-29,Huai,Birch,M,1990-11-27
22223,1964-07-29,Inderjeet,Openshaw,F,1992-02-18
22233,1954-02-24,Hyuncheol,Imataki,M,1989-11-10
22308,1962-01-30,JiYoung,Fetvedt,F,1996-03-17
22729,1960-08-06,Remzi,Melton,M,1992-08-03
23136,1955-05-09,Narain,Skogmar,M,1988-11-20
23082,1962-02-10,Chirstian,McClurg,M,1986-06-05
24584,1957-10-17,Salvador,Nitta,M,1994-07-27
23369,1953-11-20,Khalil,Zykh,M,1988-04-15
23814,1959-06-26,Jovan,Garnham,M,1991-03-06
24397,1952-06-01,Shaibal,Shimshoni,M,1988-03-28
25026,1955-08-23,Heeju,Nastansky,F,1997-01-04
24874,1963-02-27,Kolar,Marrakchi,F,1993-04-04
24883,1962-12-16,Mang,Wixon,M,1989-11-08
24987,1960-02-15,Ramachenga,Serre,F,1988-07-19
25558,1963-05-11,Feipei,Junet,M,1986-02-27
25569,1962-06-21,Wuxu,Sluis,M,1988-06-29
25661,1964-09-14,Saddek,Beausoleil,F,1992-11-30
26913,1959-06-26,Kiam,Bernatsky,M,1997-02-08
25688,1960-06-08,Collette,Narlikar,F,1986-03-12
25734,1957-08-04,Kish,Rosis,M,1996-05-23
25980,1953-04-16,Otilia,Vanwelkenhuysen,F,1986-12-31
26274,1957-06-08,Shaowei,Eickenmeyer,M,1986-09-18
26809,1955-06-29,Bodo,Tramer,M,1994-07-03
26931,1964-11-12,Chriss,Fioravanti,F,1987-04-24
26958,1952-06-25,Juichirou,Raoux,M,1987-08-11
26986,1955-04-26,Arvin,Thimonier,F,1991-02-23
27498,1953-01-05,Akeel,Gecseg,M,1989-09-15
27608,1962-12-09,Hauke,Weedman,M,1992-12-21
28036,1954-07-03,LiMin,Hasenauer,M,1993-12-05
27657,1956-10-24,Subhada,Fandrianto,M,1990-08-11
27819,1952-02-14,Vidya,Zhiwei,M,1990-02-23
27838,1954-06-22,Chuanti,Hockney,M,1995-10-16
27856,1952-03-18,Lokesh,Holburn,M,1986-06-05
27884,1955-12-22,Kristina,Zucker,M,1987-05-13
28098,1957-08-01,Quingbo,Brizzi,F,1991-12-28
28216,1963-09-08,Arun,Reeken,F,1992-01-18
28225,1954-09-16,Aria,Lund,F,1991-06-17
28574,1961-06-27,Youngkon,Schiper,F,1989-04-18
28826,1961-02-23,Tetsurou,Vesel,M,1987-12-13
28662,1954-07-18,Amalendu,Koshino,M,1994-03-24
28964,1963-10-22,Djelloul,Cannard,F,1992-11-11
28852,1955-06-14,Kasturi,Perna,M,1992-07-04
29603,1955-06-21,Kristina,Khamsi,M,1987-08-22
29174,1955-03-20,Shaibal,Ferretti,M,1991-06-11
29622,1955-12-07,Yifei,Mattern,M,1993-07-01
30120,1952-03-18,Francoise,Ghelli,M,1998-01-18
30446,1961-02-02,Shaowen,Koblick,M,1993-08-30
30643,1958-12-12,Constantijn,Haddadi,M,1986-01-22
30506,1955-07-03,Yakkov,Chandrasekhar,M,1996-01-16
30732,1964-04-05,Uriel,Strehl,F,1992-04-16
30742,1959-02-12,Yahiko,Potthoff,F,1992-08-14
30892,1956-01-26,Tsuneo,Naumovich,M,1986-12-15
30823,1964-03-02,Francoise,Cooley,F,1988-11-23
30996,1960-06-11,Adamantios,Gluchowski,M,1992-12-04
31206,1960-11-19,Heejo,Perng,M,1986-05-02
31036,1955-10-19,Vivian,Orlowski,M,1987-02-27
31978,1964-07-23,Sadegh,Itschner,F,1994-01-25
31288,1957-08-10,Shirish,Baalen,M,1992-06-29
31583,1961-12-23,Yagil,Kulisch,M,1994-02-22
31669,1960-03-03,Perry,Hanabata,M,1996-09-14
32013,1963-06-16,Bader,Fendler,M,1995-01-27
32062,1953-08-08,Janalee,Onuegbe,F,1996-02-29
32278,1961-02-02,Ingemar,Sidhu,M,1993-06-23
32177,1957-11-27,Pintsang,Willoner,M,1993-01-03
32360,1958-01-20,Rimli,Lally,F,1991-12-13
32557,1952-11-08,Henk,Vendrig,M,1995-05-21
32804,1961-03-17,Dmitry,Perl,M,1985-06-04
32751,1957-03-01,Fei,Callaway,F,1989-06-19
33573,1959-10-02,Abdulla,Kumaresan,M,1992-01-09
33880,1956-08-22,Maja,Shihab,M,1988-12-20
34144,1960-08-17,Tze,Kalorkoti,M,1987-09-06
34199,1964-03-25,Patricio,Shackel,M,1987-12-02
34571,1955-01-04,Snehasis,Shrader,M,1991-08-05
34373,1960-06-18,Sigeru,Kitai,M,1990-04-09
34810,1957-06-15,Jianhao,Kakkar,M,1988-01-02
34998,1960-07-08,Hitofumi,Berstel,M,1986-04-25
35008,1961-02-22,Mariangiola,Schlegelmilch,M,1993-03-13
35222,1961-06-29,Sakthirel,Baca,F,1988-10-20
35073,1957-09-07,Magdalena,Dayana,M,1986-03-08
35253,1956-12-22,Takahira,Limongiello,M,1991-12-20
36119,1961-07-05,Gennadi,Jording,F,1992-02-29
35326,1952-12-07,Arco,Schwabacher,F,1990-09-24
35578,1956-06-11,Fumino,Takanami,F,1997-01-10
35659,1955-07-12,Gro,Armand,F,1985-11-27
36138,1959-10-29,Seshu,Thibadeau,F,1991-10-22
36028,1956-01-11,Ute,Zlotek,F,1990-06-08
36841,1959-09-15,Troy,Ratnakar,M,1992-02-06
36384,1963-11-19,Cordelia,Quaggetto,M,1987-08-05
36451,1957-05-23,Karlis,Ghelli,M,1997-05-12
36651,1959-07-14,Khue,Thebaut,F,1987-05-09
37121,1955-09-14,Salvador,Byoun,M,1988-01-16
37257,1962-03-30,Ipke,Marciano,F,1995-03-01
36995,1958-05-26,Junsik,Setia,F,1992-09-23
37024,1959-08-16,Alselm,Gulik,F,1985-12-30
37468,1964-11-17,Gila,Nicolson,M,1997-05-04
37310,1957-07-04,Arnould,Wroclawski,M,1994-07-30
37507,1953-10-28,Kamran,Quittner,M,1987-07-05
37574,1964-05-20,Dulce,Falster,F,1994-08-05
37676,1955-01-04,Hisao,Lemarechal,M,1995-11-06
38216,1955-08-01,Nitsan,Ananiadou,F,1990-04-17
38248,1958-07-17,Jaroslava,Mahnke,F,1990-06-01
38288,1959-06-26,Percy,Reutenauer,F,1994-02-01
38484,1956-05-18,Bartek,Kropatsch,M,1989-06-01
38364,1955-01-30,Maya,Vilarrasa,F,1992-03-14
38374,1962-06-26,Douadi,Rosen,M,1985-11-22
39033,1962-01-22,Fun,Lung,M,1995-10-05
38786,1962-10-31,Cordelia,Denna,F,1988-04-12
38813,1956-02-09,Rosalie,Quadeer,F,1996-11-17
39511,1963-02-07,Urs,Lambe,M,1993-02-21
39793,1953-12-30,Troy,Hiltgen,M,1991-01-16
39706,1954-05-25,Karoline,Perfilyeva,M,1992-08-15
39812,1955-02-07,Marit,Peres,F,1987-12-10
40109,1960-05-21,Zissis,Heusch,F,1991-11-12
40170,1961-08-09,Subir,Mayerwieser,F,1986-12-11
40262,1952-09-20,Arunas,Heiserman,M,1990-03-01
40981,1962-05-22,Xiadong,Melski,F,1993-10-13
41008,1959-08-23,Heather,Paciorek,M,1985-02-05
42043,1964-05-01,Franziska,Daescu,F,1989-06-02
41119,1958-12-28,True,Wolniewicz,M,1994-06-06
41339,1958-06-18,Goetz,Peris,M,1991-12-16
41367,1957-10-22,Chandrasekaran,Kuszyk,M,1986-07-21
41964,1955-09-04,Mantis,Strooper,F,1995-05-03
42557,1958-01-03,Adin,Makrucki,F,1998-06-05
42138,1964-01-17,Felicidad,Leslie,F,1990-12-29
42398,1952-03-22,Georgy,Karlin,F,1990-01-07
42480,1956-03-10,Slavian,Honiden,M,1985-03-08
42519,1956-02-20,Armond,Vingron,M,1992-06-15
42810,1962-02-12,Oscal,Rehfuss,F,1985-10-26
42826,1960-04-27,Vesna,Bierman,M,1996-06-24
43081,1956-08-28,Manu,Pelc,M,1985-06-30
43438,1955-10-12,Sampalli,Zultner,M,1988-08-29
43236,1959-07-04,Rance,Yemenis,M,1998-04-12
43457,1957-04-19,Gal,Caine,M,1985-12-16
43994,1952-04-05,Fusako,Burnard,M,1992-04-24
43845,1952-02-05,Naftali,Krohn,F,1997-09-11
44155,1959-09-11,Kristin,Radhakrishnan,M,1995-09-24
44429,1953-07-01,Nathalie,Parfitt,M,1989-03-27
44504,1961-01-25,Rafols,Barriga,M,1987-01-10
44655,1964-08-04,Arto,Plump,F,1994-04-16
44781,1961-06-08,Shooichi,Schusler,M,1996-11-04
44840,1960-09-11,Tetsurou,Katalagarianos,F,1988-01-11
45920,1957-01-09,Aloys,Lindenbaum,F,1987-08-10
45022,1961-01-22,Parke,Rullman,F,1996-03-14
45483,1958-02-26,Hercules,Peltason,M,1988-04-27
45764,1964-11-05,Shigeichiro,Chachaty,M,1995-10-09
46162,1961-03-13,Ymte,Spinelli,M,1986-01-12
46126,1962-12-29,Fusako,Heusch,M,1987-01-30
46199,1958-06-22,Amstein,Ernst,M,1992-09-21
46707,1959-02-14,Chikara,Demri,F,1987-07-17
46302,1955-02-26,Susanta,Pezzoli,F,1993-11-15
46550,1963-09-22,Mikhail,Peir,M,1988-10-19
46716,1959-01-16,George,Tomescu,M,1997-05-19
46767,1959-07-24,Bedrich,Milicia,M,1988-01-25
46829,1959-12-23,Zvonko,Kuszyk,M,1991-08-23
47530,1957-12-16,Xiaoshan,Heyers,F,1997-05-07
46944,1956-04-07,Jackson,Kranzdorf,M,1992-09-07
47395,1964-09-11,Fabrizio,Wrigley,M,1989-07-14
47454,1962-06-08,Udaiprakash,Peyn,F,1991-03-19
47471,1953-09-19,Shuji,Holburn,F,1994-01-06
47548,1955-06-17,Isaac,Fortenbacher,M,1989-12-13
47586,1953-08-12,Goncalo,Rothe,M,1987-01-17
47835,1964-03-12,Apostol,Strandh,M,1994-10-13
47722,1963-09-11,Atreye,Worfolk,M,1999-07-12
48121,1955-12-30,Youpyo,Hutter,M,1991-02-11
48860,1952-03-13,Otmar,Polajnar,F,1989-02-19
49147,1961-08-31,Giao,Christ,M,1989-07-15
49374,1960-12-27,Chandrasekaran,Ponthieu,F,1985-02-09
49402,1962-07-08,Lijie,Marrevee,M,1992-01-31
49421,1964-05-03,Susanna,Boudaillier,F,1985-07-08
50242,1958-05-20,Tokuyasu,Iisaku,M,1995-07-13
49710,1955-06-09,Goetz,Herber,M,1985-06-24
49931,1957-04-14,Jayson,Gerlach,M,1985-08-15
50515,1964-02-23,Wonhee,Camurati,M,1998-03-25
50372,1961-04-25,Masamitsu,Majewski,F,1990-09-28
50420,1957-05-26,Keung,Czaja,M,1994-02-21
51191,1960-11-17,Duangkaew,Lorin,F,1988-01-28
50754,1962-04-05,Valeska,Aseltine,F,1985-10-09
51211,1957-12-26,JoAnne,Waeselynck,F,1991-02-01
51380,1960-02-13,Taiji,Staudhammer,M,1987-10-24
51273,1955-06-24,Kerhong,Syang,M,1996-11-15
51428,1958-02-08,Chuanyi,Mandell,M,1994-08-09
51733,1961-01-26,Rosita,Gist,M,1991-11-25
51519,1960-11-01,Shem,Cannard,F,1993-04-03
51547,1963-07-03,Waiman,Stanger,F,1989-01-31
51752,1959-06-24,Hsiangchu,DuCasse,M,1995-07-02
52538,1952-04-30,Garnet,Thebaut,F,1990-04-09
51858,1960-05-24,Xiahua,Melter,M,1990-10-20
52902,1952-12-13,Tayeb,Chinen,M,1993-05-17
52920,1958-12-27,Claudi,Waterhouse,M,1991-12-21
52999,1963-05-03,Marin,Bierbaum,F,1995-03-25
53507,1960-11-12,Zhilian,Frezza,F,1986-05-28
53157,1955-11-26,Weiye,Birge,M,1986-03-14
53187,1963-10-13,Ziyad,Seuren,M,1985-07-04
53598,1957-03-22,Mabry,Hutton,M,1996-12-19
53463,1955-02-24,Kazuhide,Wissmann,M,1991-01-02
53823,1960-08-17,Felicidad,Roccetti,M,1992-03-06
53848,1958-11-29,Khosrow,Gide,M,1987-10-26
54035,1962-10-20,Ziva,Matzov,M,1991-02-01
53710,1957-06-23,Avishai,Baaz,F,1985-07-10
54481,1956-04-08,Larisa,Perfilyeva,M,1990-09-05
54317,1964-05-27,Abdulla,Krider,M,1985-11-20
54723,1964-05-24,Shay,Bellmore,F,1985-09-23
54758,1952-08-14,Kwun,Butner,M,1988-10-13
54835,1962-01-10,Parke,Broder,F,1988-08-31
55008,1952-11-07,Zvonko,Gire,M,1990-09-03
56912,1953-10-08,Felicidad,Polupanov,F,1992-10-25
54372,1953-05-09,Khalid,Peral,M,1993-07-12
56727,1963-06-24,Subhash,Sidou,M,1993-07-07
56932,1964-02-02,Zhiwei,Ashish,M,1997-05-07
57008,1957-03-20,Geraldo,Condotta,F,1990-03-23
56819,1957-07-24,Barton,Lichtner,M,1986-12-06
57041,1961-09-21,Serif,Driscoll,F,1995-11-09
57116,1958-08-31,Aimee,Shumilov,M,1994-04-17
58082,1953-10-14,Mohammad,Talmor,M,1991-01-04
57416,1963-04-19,Val,Mikschl,M,1988-08-25
57445,1956-05-28,Mototsugu,Trystram,F,1992-06-03
57799,1961-01-21,Aron,Perly,F,1990-03-29
58439,1961-05-29,Sham,Bugrara,M,1986-10-12
58209,1957-11-17,Mark,Ermel,M,1989-02-19
58245,1958-10-26,Alassane,Alameldin,M,1996-05-26
58672,1954-07-16,Hatsukazu,Pavlopoulou,M,1991-10-12
58487,1961-01-16,Kerryn,Rothenberg,M,1988-03-10
58701,1958-08-29,Marin,Tsukuda,M,1987-07-15
58781,1955-07-30,Matt,Gischer,M,1992-09-09
58537,1961-12-05,Qingxiang,Dechter,M,1986-11-10
58791,1958-09-16,Yongqiao,Nooteboom,M,1987-09-22
58828,1963-12-15,Valeska,Munro,M,1989-01-24
59180,1959-08-11,Fei,Borovoy,M,1992-12-02
58889,1960-10-06,Saeko,Greibach,F,1993-05-24
58930,1960-04-11,Ulises,Landherr,M,1990-12-15
59198,1957-09-22,Carrsten,Simmel,M,1989-07-23
59846,1962-10-08,Vasilii,Weiland,F,1993-03-03
60331,1960-12-13,Hein,Nittel,M,1990-05-26
60473,1956-11-28,Shounak,Weedon,F,1991-05-21
60764,1955-10-13,Taizo,Stamatiou,F,1986-07-22
61357,1958-02-22,Amalendu,Fandrianto,F,1997-07-19
61253,1965-01-09,Cheong,Uhrik,M,1987-02-14
61674,1956-03-14,Yahiko,Copas,F,1995-11-05
61440,1952-09-10,Susanne,Potthoff,M,1997-12-18
61819,1963-05-10,Arunas,Cannane,M,1998-08-13
61890,1964-03-10,Carrsten,Gajiwala,M,1992-09-08
62152,1964-10-27,Mabhin,Thiran,M,1994-06-24
62325,1953-10-18,Nitsan,Cummings,F,1988-06-25
62344,1953-07-01,Billie,Ventosa,M,1998-01-10
62169,1962-03-10,Kellyn,Dayang,M,1995-03-17
62705,1962-01-01,Sangeeta,Maraist,M,1996-09-10
62607,1962-01-22,Hsiangchu,Alvarado,F,1985-09-22
62731,1958-12-14,Shigenori,Thiria,F,1986-07-17
62742,1957-08-03,Bernice,Murtagh,F,1988-10-19
62797,1958-05-17,Herb,Flowers,M,1990-12-03
63761,1964-12-31,Kwangsub,Mamelak,M,1994-10-05
63676,1955-10-14,Eishiro,Siprelle,M,1997-07-04
63837,1959-05-30,Aloke,Emmart,F,1995-04-12
64158,1952-12-25,Yechiam,Fujisawa,F,1986-07-09
63963,1958-11-23,Maria,Takanami,M,1992-07-21
64168,1959-12-15,Along,Gente,F,1997-07-03
64208,1961-08-24,Xuedong,Biron,M,1995-03-15
64079,1957-04-07,Shaibal,Pagter,M,1991-11-12
64409,1959-05-01,Kamran,Iacovou,M,1989-06-25
64630,1959-07-22,Ronghao,Boreale,M,1991-02-09
64925,1958-11-09,Freyja,Linnainmaa,F,1991-04-07
64993,1959-02-08,Xiaoheng,Oehlmann,M,1987-03-14
65225,1954-04-29,Trygve,Zaiane,M,1990-07-24
65432,1960-11-14,Rayond,Rosen,M,1995-11-06
65496,1962-12-15,Duke,Duclos,F,1999-02-17
65421,1960-01-15,Yinghua,Merel,M,1993-10-01
65721,1954-04-23,Marjo,Snedden,F,1986-12-28
65617,1960-03-04,Cathie,Kusakari,M,1991-09-04
65635,1964-03-18,Gully,Vecchi,M,1990-11-10
65663,1954-06-20,Rafael,Leppanen,M,1988-11-14
65787,1960-09-12,Marek,Merle,M,1990-09-20
65816,1958-02-18,Gio,Braccini,M,1991-09-18
65993,1960-03-18,Suvo,Polajnar,F,1995-10-19
66578,1956-12-07,Ingemar,Ghelli,M,1995-04-26
66625,1952-07-29,Wayne,Jeong,F,1987-01-17
66696,1964-05-30,Toshiko,Heyers,F,1992-11-24
66874,1964-03-10,Boalin,Kabayashi,F,1996-08-27
66913,1961-06-20,Tadahiro,Schneeberger,M,1994-12-25
67169,1961-09-18,Bogdan,Marquardt,M,1995-02-21
67476,1953-07-18,Gino,Kilgour,M,1987-08-10
67110,1963-06-09,Hyuckchul,Pezzoli,M,1990-03-20
67809,1955-11-28,Arlette,Kragelund,M,1996-08-01
67975,1960-12-01,Chriss,Navazio,M,1986-07-20
67838,1958-03-25,Giap,Serre,F,1988-09-24
68627,1963-09-24,Fox,Farrow,M,1994-05-20
69910,1963-01-25,Shigehito,Syrotiuk,M,1985-09-22
68686,1964-04-30,Macha,Wielonsky,M,1986-06-05
68761,1955-10-17,Rasikan,Zuberek,M,1988-07-16
68969,1956-06-12,Heng,Mapelli,F,1997-04-29
68988,1957-05-28,Marie,Furudate,M,1991-12-07
69738,1962-03-31,Magdalena,Khalid,F,1993-02-02
69928,1954-10-15,Abdelkader,Nourani,M,1987-07-02
70699,1957-03-28,Erez,Barreiro,F,1990-04-28
70304,1956-04-29,Kiyomitsu,Alpin,M,1987-09-18
70510,1959-07-21,Zdislav,Erva,M,1992-12-28
70617,1957-10-28,Kasidit,Melichar,M,1996-10-03
71460,1960-07-16,Danai,Warwick,F,1993-05-28
70840,1957-05-18,Chinya,Hellwagner,M,1985-08-20
71316,1953-12-15,Nechama,Rindone,M,1991-05-15
71408,1964-01-12,Kristinn,Rajala,M,1995-06-15
71471,1954-10-18,Bernice,Peak,M,1985-10-10
71499,1953-10-30,Renee,Erol,M,1991-08-12
71614,1952-09-01,Moheb,Gniady,M,1997-05-19
71786,1958-08-06,Jianhua,Schrooten,F,1991-11-14
71634,1959-08-25,Tetsurou,Krohn,F,1985-09-04
72420,1964-05-02,Aamod,Deverell,F,1991-12-12
71987,1959-08-14,Shahid,Zirintsis,M,1999-02-03
72288,1961-03-19,Youjian,Karnin,M,1988-03-02
73284,1959-12-06,Anyuan,Karner,M,1986-10-05
72554,1959-07-17,Mokhtar,Kavanagh,M,1990-10-13
72883,1959-03-02,Takanari,Falby,M,1990-11-01
73303,1959-05-16,JoAnne,Schneeberger,F,1996-11-03
73479,1958-08-15,Kristin,Cannard,F,1990-09-17
73391,1952-03-11,Eben,Bierman,M,1996-03-18
73564,1963-07-16,Pascal,Hiltgen,M,1993-08-12
74430,1964-01-02,Guttorm,Chimia,M,1985-08-25
74213,1963-02-09,Kazunori,Frezza,M,1987-07-22
74224,1953-01-11,Christ,Stiles,M,1994-07-14
74798,1959-06-28,Ziyad,Baar,M,1997-07-15
74939,1953-09-06,Rimli,Valiente,F,1987-01-04
76205,1961-12-06,Hyuckchul,Mandelberg,M,1992-05-30
75037,1957-05-14,Yinghua,Kulisch,M,1993-11-24
75102,1958-09-19,Szabolcs,Koyama,F,1994-07-07
75150,1957-01-30,Divier,Klassen,F,1989-03-15
75433,1963-05-28,Arunas,Flanders,M,1990-03-03
75468,1959-08-09,Marco,Armand,M,1987-10-05
75512,1959-07-21,Vesna,Gire,M,1998-03-04
75522,1964-11-25,Vasiliy,Khalil,F,1988-01-21
75570,1959-12-24,Niranjan,Bharadwaj,F,1998-01-02
75759,1960-01-20,Jagoda,Gruenwald,M,1987-06-21
76251,1954-07-14,Constantine,Reinhart,M,1993-04-08
76806,1956-09-16,Byong,Hasham,F,1988-01-08
76398,1955-02-07,Younwoo,Heijenga,M,1985-08-02
76418,1964-07-20,Ortrud,Dichev,F,1998-06-25
76468,1961-06-03,JoAnne,Luders,M,1989-07-28
76505,1955-11-09,Venkatesan,Kieras,M,1995-02-22
76682,1952-03-02,Pohua,Ozeri,F,1993-12-12
77079,1959-09-07,Mokhtar,Desikan,M,1986-01-23
77046,1952-07-22,Geoffry,Slutz,M,1999-05-01
77087,1961-10-17,Oksana,Marletta,F,1990-07-20
77446,1962-07-07,Tsuneo,Irland,F,1992-07-24
77272,1953-09-22,Xinglin,Hambrick,F,1997-09-03
77524,1954-11-29,Naftaly,Usery,M,1990-03-04
77615,1952-08-18,Jianwen,Krupka,M,1987-05-02
77653,1954-02-09,Geraldo,Chartres,M,1985-05-13
77698,1959-11-14,Toshiki,Quadeer,M,1990-07-24
77707,1956-12-10,Fen,McFarlan,M,1997-06-16
78530,1957-06-22,Chuanti,Riesenhuber,M,1992-09-21
77966,1964-03-07,Panayotis,Garnham,M,1990-05-07
77986,1953-06-13,Serif,Ginesta,M,1997-07-27
78232,1953-12-10,Alper,Klassen,F,1996-05-16
78398,1960-02-04,Keiichiro,Polupanov,M,1990-01-23
78549,1957-04-08,Alper,Toyoshima,M,1992-07-15
78971,1956-11-19,Kenroku,Bojadziev,F,1993-11-02
79059,1953-07-31,Yuguang,Lanteri,M,1990-08-28
79255,1963-12-15,Genevieve,Bennet,F,1997-05-29
79285,1952-09-01,Bingning,Lieblein,M,1986-06-28
79760,1958-06-01,Poornachandra,Braunmuhl,F,1990-03-31
79403,1964-12-07,Monique,Bauknecht,M,1992-12-15
79412,1962-07-20,Leen,Siegrist,M,1985-08-10
79637,1957-07-15,Vincent,Colorni,M,1986-09-06
79804,1956-06-12,Aluzio,Polupanov,M,1993-06-22
80039,1960-12-10,Krassimir,Perfilyeva,M,1995-05-17
80058,1956-07-02,Mana,Boissier,F,1995-04-02
80159,1954-05-28,Jiafu,Rijckaert,M,1988-02-18
80320,1960-11-15,Palash,Terlouw,M,1991-06-26
80860,1952-07-17,Kayoko,Smeets,M,1998-02-22
80481,1960-11-27,Yishay,Makrucki,M,1991-10-14
80901,1964-02-09,Kazuhisa,Wissmann,M,1985-10-10
80985,1956-09-24,Bedrich,Baaz,M,1994-04-29
81145,1964-03-23,Chaitali,Rosaz,M,1991-01-05
81043,1954-01-20,Prasadram,Passafiume,F,1992-12-10
81262,1956-07-13,Arto,Erev,F,1988-08-09
81564,1955-07-13,Martijn,Michaels,M,1985-04-16
81343,1962-07-13,Basant,Nilsson,M,1998-06-25
81441,1963-03-31,Gill,Baer,M,1986-05-10
81612,1954-12-01,Fei,Raoux,M,1989-02-03
81478,1957-07-11,Jixiang,Hertweck,M,1998-09-18
81806,1953-09-22,Janalee,Matzke,M,1990-11-18
82018,1954-06-12,Basant,Chimia,F,1990-11-04
82044,1958-11-28,Xiaobin,Bahi,M,1989-02-08
82063,1954-05-27,Shaunak,Plump,M,1985-11-27
83097,1960-10-30,Hiroyasu,Stranks,M,1987-05-08
82694,1956-02-07,Avishai,Vrecion,M,1991-06-16
82703,1964-01-23,Xiadong,Wixon,M,1996-09-14
83024,1963-05-31,Godehard,Katalagarianos,F,1990-03-16
83118,1960-12-21,Krisda,Chepyzhov,M,1986-09-18
83185,1961-07-02,Yucai,Boissier,F,1992-09-07
83670,1962-02-24,Hidefumi,Merro,M,1988-09-21
84470,1958-06-09,Kristine,Hiraishi,M,1996-04-19
84072,1954-02-25,Keiichiro,Makinen,M,1990-04-19
84155,1960-03-24,Ramya,Manders,M,1992-04-21
84563,1953-09-07,Susanne,Koshino,F,1989-08-02
85687,1952-05-19,Mary,Hammerschmidt,M,1990-06-26
85068,1961-08-02,Macha,Glinert,M,1992-11-18
86815,1959-10-13,Dharmaraja,Brandsma,M,1995-02-18
85818,1953-04-17,Kauko,Bharadwaj,M,1995-02-09
86149,1962-05-28,Arumugam,DiGiano,M,1991-02-08
86315,1954-08-06,Dharmaraja,Matzov,F,1997-09-09
86350,1957-08-11,Radhakrishnan,Gajiwala,F,1987-06-10
86425,1956-10-03,Shigeu,Morris,F,1988-12-14
86587,1956-07-31,Anestis,Wuwongse,M,1998-10-19
86627,1954-04-19,Faiza,Lanteri,M,1990-06-19
87029,1959-07-30,Shrikanth,Swiler,M,1985-11-03
87859,1958-03-19,Krassimir,Lunt,M,1998-07-26
87143,1960-05-19,Along,Gammage,M,1990-08-25
87501,1952-07-08,Kazuhiko,Crelier,M,1989-04-20
88101,1955-12-08,Zongyan,Strooper,M,1986-10-15
87760,1963-12-30,Ravishankar,Christianini,M,1989-06-08
87988,1956-11-04,Hidde,Bharadwaj,M,1990-08-30
88311,1958-10-12,Richard,Minakawa,F,1987-09-19
88399,1954-01-03,Thodoros,Pettit,M,1987-04-08
88672,1961-03-16,Stella,Improta,F,1985-03-26
89225,1962-11-22,Carrsten,Schreiter,M,1994-10-19
89404,1952-05-05,Arnd,Peng,F,1985-03-22
89303,1953-09-26,Aiman,Khasidashvili,M,1989-09-03
89368,1964-05-08,Tse,Ecklund,F,1986-11-04
89464,1956-01-25,Rildo,Krupka,M,1990-07-17
89648,1963-03-22,Tsutomu,Rosar,M,1995-06-02
89622,1960-05-24,Basant,Lichtner,F,1997-05-17
89756,1956-05-13,George,Antonakopoulos,M,1989-08-29
90796,1952-09-26,Adin,Rosch,F,1992-01-12
90073,1960-06-07,Troy,Spelt,F,1988-05-19
90342,1953-06-08,King,Koshiba,M,1987-07-16
90651,1955-01-25,Teiji,Frijda,M,1990-04-26
91239,1961-11-01,Mitchel,Staelin,F,1992-03-29
90964,1953-02-03,Basil,Kuszyk,M,1986-03-23
91068,1960-07-27,Godehard,Dredge,M,1993-10-02
91961,1959-04-06,Djenana,Pusterhofer,M,1994-11-02
91546,1958-07-03,Mariangiola,Birdsall,F,1986-04-11
91860,1959-08-27,Bouchung,Masand,M,1993-03-21
92018,1963-07-09,Bernardo,Kaiserswerth,F,1993-05-15
92197,1961-05-23,Weiwu,Marchesini,F,1986-11-25
92055,1962-07-23,Yuichiro,Luders,M,1988-04-01
92115,1959-12-22,Deborah,Harbusch,F,1985-05-16
92217,1957-11-15,Jahangir,Trystram,F,1986-01-17
92466,1954-06-23,Rajmohan,Varman,M,1986-02-09
93072,1961-11-29,Shaw,Setiz,F,1991-04-16
92448,1962-06-03,Flemming,Rodiger,M,1996-11-21
92709,1953-06-25,Lansing,Billingsley,M,1997-12-24
92891,1961-11-10,Qiwen,Stranks,M,1992-08-06
92934,1964-10-17,Arto,Einsfeld,M,1990-12-08
93082,1960-09-10,Kristin,Denna,M,1985-08-20
93907,1956-11-25,Shietung,Underwood,M,1993-01-22
93135,1960-06-05,Maha,Steinauer,F,1996-08-03
93441,1953-10-10,Yunming,Valette,M,1998-05-10
93479,1952-03-12,Adas,Lieblein,M,1991-12-24
93499,1954-08-05,Subhada,Rosiles,F,1996-08-21
93938,1953-07-16,Boutros,Veeraraghavan,F,1986-06-14
94128,1964-01-10,Pohua,Pulkowski,M,1988-08-12
93916,1957-08-14,Rosalie,Rousseau,F,1998-11-07
94500,1957-02-18,Frederique,Hiyoshi,M,1990-06-07
94547,1957-02-24,Mark,Mitchem,F,1985-08-12
94607,1958-06-24,Sadok,Picht,M,1989-03-22
94615,1952-02-02,Toshimi,Bruckman,M,1989-04-29
95492,1961-07-01,Younwoo,Decaestecker,M,1988-08-31
95297,1958-02-12,Tonny,Paciorek,M,1988-06-09
95337,1960-10-19,Zito,Bellone,F,1995-11-07
95519,1954-01-05,Basil,Georgatos,M,1989-04-03
95713,1962-03-03,Steve,Osgood,M,1990-01-13
95575,1961-09-10,Mohamadou,Esteva,M,1985-02-18
95972,1954-08-08,Aron,Zielinski,F,1990-04-15
96051,1955-02-08,Aiman,Leslie,M,1990-06-21
96265,1953-01-05,Nalini,Salverda,M,1994-05-07
96284,1962-08-11,Siddarth,Khasidashvili,F,1986-06-11
96819,1953-01-23,Flemming,Petersohn,M,1986-09-25
97066,1962-02-27,Gro,Cappelli,F,1991-09-16
97115,1955-12-17,Giao,Flowers,F,1989-04-03
97335,1953-09-01,Demin,Haddadi,F,1986-03-08
97191,1961-06-15,Eldridge,Tetzlaff,F,1994-03-21
97595,1957-01-28,Aleksandar,Yoshizawa,F,1986-07-12
97439,1959-04-02,Anyuan,Remmers,F,1990-07-28
97616,1952-08-25,Laurentiu,Redmiles,M,1995-04-10
97811,1958-05-14,Prasadram,Einsfeld,F,1986-10-11
97783,1954-09-15,Khatoun,Dalphin,F,1993-01-27
97888,1952-07-23,Moni,Smailagic,F,1995-11-12
97899,1952-11-03,Vatsa,Morrey,M,1989-02-26
98177,1953-10-16,Aruna,Stasinski,M,1991-09-18
98031,1954-04-09,Masaki,Petersohn,F,1998-02-27
98352,1963-01-31,Jianhua,Erdi,M,1988-09-09
98658,1957-10-12,Takanari,Naumovich,M,1989-04-23
98566,1958-07-17,Akeel,Pileggi,M,1993-12-25
98586,1953-06-12,Kauko,Steenbeek,M,1987-11-14
99600,1954-02-10,Shounak,Ertl,M,1995-02-14
98873,1964-02-25,Taegyun,Rohrbach,F,1987-06-30
99182,1952-07-04,Jaques,Fontan,M,1986-10-26
99236,1959-05-14,Zita,Walstra,M,1989-11-27
99469,1964-01-15,Paraskevi,Kemmerer,M,1991-09-08
99821,1956-12-10,Mahmut,Crouzet,M,1986-06-28
99920,1952-12-29,Cullen,Candan,M,1996-02-20
100197,1958-01-18,Tsutomu,Angiulli,M,1996-04-18
99950,1962-01-06,Along,Schaap,M,1990-03-04
100385,1962-05-22,Yucel,Senzako,M,1990-08-16
100454,1964-09-04,Jouni,Rabejac,M,1991-01-20
100631,1958-01-28,DAIDA,Czaja,M,1987-06-22
101173,1961-06-02,Van,Speek,F,1996-02-10
100585,1952-10-18,Ekawit,Diderrich,F,1998-07-11
100612,1960-09-21,Subir,Talmon,M,1992-12-13
101513,1956-11-20,Paris,Brodie,F,1992-05-13
101303,1952-09-03,Mitchel,Slaats,M,1996-09-19
102069,1952-04-12,Alagu,Yurov,F,1992-11-21
101682,1956-02-26,Marek,Navazio,M,1999-09-23
101923,1958-07-03,Tesuro,Eugenio,F,1986-08-03
102564,1962-02-16,Vivian,Ligten,M,1985-08-13
102446,1962-06-30,Arumugam,Stassinopoulos,M,1995-07-14
102854,1959-06-26,Larisa,Fairtlough,F,1990-08-19
103127,1953-11-12,Hongzhu,Varker,M,1991-05-17
103007,1952-09-10,Zhiguo,Openshaw,M,1989-08-09
103303,1963-12-01,Katsuo,Gist,M,1995-10-25
103395,1958-05-31,Zhensheng,Baca,M,1985-05-02
104734,1956-11-10,Shahid,Oppitz,M,1986-04-07
104234,1961-05-10,Shuji,Christ,M,1985-03-23
104312,1952-10-18,Suzette,Hettesheimer,M,1985-06-26
105519,1960-09-26,Guangming,Piancastelli,F,1990-07-09
105071,1953-12-19,Jeong,Gluchowski,M,1990-08-08
105536,1961-04-09,Christophe,Peng,F,1994-06-12
106003,1952-08-13,Przemyslawa,Kemmerer,M,1988-08-25
105592,1960-04-02,Kish,Akaboshi,M,1987-09-08
105611,1959-03-01,Bingning,Molenkamp,M,1986-04-01
105657,1952-03-20,Xiaoqiang,Cappelletti,M,1997-03-08
105870,1957-09-27,Elgin,Schaaf,F,1989-04-23
105944,1954-08-02,Yongmin,Deverell,M,1994-07-14
106521,1955-03-31,Nidapan,Birke,M,1989-04-27
106820,1956-11-02,Tsutomu,Skafidas,M,1986-03-07
106881,1961-06-25,Tsvetan,Schaaf,F,1994-03-26
107583,1960-09-29,Djelloul,Kitsuregawa,M,1989-05-26
106976,1963-07-09,Nirmal,Narwekar,F,1985-12-25
107471,1962-02-03,Kazuhide,Acton,F,1995-05-03
107634,1957-08-10,Angus,Sooriamurthi,M,1993-06-21
107643,1954-01-21,Hailing,Leppanen,M,1995-05-10
108751,1957-08-11,Alassane,Boissier,M,1988-02-08
107986,1962-11-29,Hidde,Lodder,F,1985-12-20
108262,1954-02-18,Yannis,Alpay,F,1985-05-11
108523,1955-08-15,Hongzhu,Lorho,M,1992-03-22
108790,1964-06-22,Leaf,Fetvedt,F,1986-07-10
108857,1961-03-21,Dipayan,Trogemann,M,1989-06-04
109211,1965-01-11,Gor,Delgrande,M,1985-05-18
109159,1954-03-16,Zito,Oxenboll,M,1994-02-11
109257,1957-02-03,Zengping,Nanard,M,1995-09-15
109286,1959-10-20,Ennio,Sluis,M,1991-03-16
109702,1955-03-29,Jaihie,Maraist,F,1995-08-27
109447,1956-06-10,Cedric,Swan,F,1986-12-07
200205,1958-10-13,Shugo,Henders,M,1995-12-16
200026,1963-08-21,Denis,Varman,F,1988-06-27
200035,1953-03-14,Yifei,Begiun,M,1992-02-25
200067,1960-11-14,Kerhong,Narahara,M,1998-05-18
200244,1956-01-11,Danil,Miake,M,1985-03-05
200873,1962-03-10,Toshimori,Akaboshi,F,1992-04-01
200737,1964-02-05,Rajmohan,Jording,F,1986-09-17
201055,1957-09-26,Gunilla,Kakkar,M,1993-02-17
200939,1956-03-14,Morrie,Biran,M,1990-05-15
201111,1955-06-12,Mabo,Rajcani,F,1993-05-20
201329,1962-03-26,Vatsa,Birch,M,1994-02-12
201420,1960-02-10,Georg,Azulay,F,1986-06-20
201889,1960-06-05,Satosi,Couchot,F,1993-11-16
201740,1963-03-25,Falguni,Tokunaga,M,1996-06-01
202386,1953-11-12,Nadjib,Marshall,F,1987-10-23
202426,1961-09-02,Jaana,Werthner,M,1989-04-22
202288,1955-02-03,Chrisa,Felcyn,M,1994-01-11
202308,1960-09-29,Syozo,Baek,F,1991-08-24
202768,1958-09-20,Danco,Krogh,F,1988-04-30
202356,1961-06-11,Anwar,Harnett,F,1990-07-08
203026,1954-02-21,Ranga,Llado,F,1990-12-08
202787,1953-12-02,Zhiguo,Rattan,M,1992-08-02
203309,1955-06-13,Constantine,Tsukuda,M,1987-11-03
203063,1957-04-27,Arno,Rothenberg,M,1985-10-12
203128,1964-07-04,Guozhong,Domenig,F,1992-12-27
203427,1961-03-19,Fumino,Kaiserswerth,M,1993-07-28
203455,1953-07-23,Peer,Serdy,M,1994-04-25
203507,1964-10-14,Shem,Bratten,F,1986-06-21
203536,1958-02-04,Toshimori,Pusterhofer,F,1993-02-19
203674,1961-04-13,Gino,Foong,F,1985-08-14
204235,1953-06-11,Oscar,Tzvieli,M,1993-03-30
203771,1953-01-07,Wonhee,Peek,M,1995-03-25
203817,1960-04-02,Berna,Brlek,M,1986-12-14
203990,1963-10-17,Shaz,Suermann,M,1989-11-28
204385,1964-12-08,Fumino,Tchuente,M,1992-04-02
204393,1955-10-07,Marsal,Taubenfeld,M,1993-01-01
204462,1964-07-26,Bodh,Majewski,F,1997-04-27
204480,1962-02-17,Aloys,Prenel,M,1994-07-05
204490,1963-01-29,Otmar,Litvinov,M,1998-01-05
204499,1956-03-22,Danai,Heemskerk,M,1993-04-23
205551,1953-11-26,DAIDA,Levasseur,M,1995-03-27
204594,1954-09-12,Elvis,Onuegbe,M,1987-01-04
204801,1954-08-15,Guangming,Irland,M,1995-07-01
204828,1954-08-30,Kristine,Skrikant,F,1989-01-02
204848,1957-06-12,Takanari,Christianini,M,1994-11-24
205357,1953-05-08,Radhia,Engelmann,F,1987-01-08
205735,1959-05-12,Weidon,Madeira,M,1996-01-15
206025,1956-10-04,Mart,Nourani,M,1988-02-14
206127,1963-06-30,Premsyl,Riesenhuber,M,1996-02-08
206073,1960-04-14,Tristan,Nyrup,M,1985-03-29
206333,1957-04-10,Francoise,Silva,F,1985-06-21
206390,1953-08-10,Lena,Boissier,F,1995-06-30
206495,1960-01-31,Bedrich,Versino,M,1985-03-30
206514,1959-12-16,Poorav,Beausoleil,M,1992-11-14
206952,1952-02-10,Jeanna,Kadhim,F,1988-08-19
206644,1958-02-07,Roddy,Castellani,M,1990-04-18
207230,1963-05-28,Charmane,Alencar,F,1991-05-21
206912,1957-11-07,Tuval,Gimarc,F,1989-05-06
207259,1961-02-01,Zhenhua,Rossi,F,1986-03-20
207144,1964-04-20,Kiam,Perelgut,M,1988-06-07
207850,1956-06-25,Sukumar,Claffy,M,1994-01-20
207652,1952-08-11,Subhrajyoti,Wegerle,M,1995-11-16
208021,1963-06-02,Shakhar,Taubman,M,1989-02-07
207910,1962-11-29,Mana,Belinskaya,M,1992-04-25
208272,1959-04-18,Gaetan,Edelhoff,M,1995-07-05
207981,1964-08-27,Eric,Beetstra,M,1993-12-10
208174,1956-03-11,Mokhtar,Rosca,M,1986-11-30
208329,1962-05-16,Leucio,Boissier,F,1991-07-02
208384,1956-11-30,Huiqun,Juneja,M,1989-12-12
208411,1962-04-24,Krassimir,McDermid,M,1995-09-09
209673,1964-02-23,Rayond,Assaf,F,1986-03-02
208711,1956-12-01,Susanne,Marciano,M,1986-09-07
208969,1953-03-11,Susuma,Beetstra,M,1985-03-08
209051,1956-09-28,Shridhar,Condotta,F,1989-08-24
209249,1955-09-26,Gal,Jarecki,F,1990-08-19
209305,1963-04-23,Gio,Horswill,F,1993-02-08
209485,1957-12-31,Deborah,Janocha,M,1998-04-13
210480,1952-06-18,Aloys,Brendel,M,1985-05-23
209816,1960-07-20,Radhika,Budinsky,F,1990-06-25
210098,1955-07-01,Mingzeng,Milicic,F,1987-06-03
210137,1957-07-15,Mads,Middleton,F,1989-03-22
210363,1960-04-22,Jaber,Awdeh,M,1989-06-13
210697,1952-07-12,Gino,Diderrich,M,1994-01-28
210728,1960-09-06,Dipankar,Edelhoff,M,1991-12-06
210969,1958-02-09,Masamitsu,Porotnikoff,F,1991-12-25
210871,1960-09-29,Yechiam,Luan,M,1992-10-01
211098,1954-02-28,Thanasis,Benaini,F,1986-06-25
211069,1953-09-22,Seongbin,Anger,M,1992-05-17
211402,1954-08-12,Youssef,Schmiedel,M,1993-11-02
211237,1952-08-06,Franziska,Dengi,M,1992-01-29
211245,1962-04-26,Kenroku,Cincotta,F,1994-04-16
211442,1956-11-29,Divier,Baezner,M,1994-08-05
211693,1957-02-28,Alselm,Pena,F,1990-09-26
211748,1955-12-19,Stafford,Matteis,M,1990-06-10
211894,1958-05-18,Masoud,Schicker,M,1989-01-29
211797,1956-01-19,Udi,Muntz,F,1993-07-26
212255,1963-06-23,Mihalis,Shanbhogue,F,1991-02-10
211827,1960-07-31,Ashish,Akazan,F,1986-08-28
212099,1960-01-04,Manton,Lortz,F,1988-11-05
212437,1958-05-14,Katsuo,Guting,M,1994-11-18
212317,1952-10-05,Maris,Koprowski,M,1989-10-31
212326,1961-07-17,Kayoko,Delgrande,F,1997-03-28
212468,1960-01-29,Shigeo,Mandell,F,1994-09-16
212700,1963-12-08,Honesty,Swan,F,1987-10-27
212615,1963-10-18,Vidya,Herbst,F,1990-05-08
212720,1963-12-15,Yifei,Jeong,M,1992-08-13
212909,1957-04-05,Lillian,Schwabacher,M,1986-01-16
213101,1952-04-15,Sajjad,Benveniste,F,1987-03-16
213110,1964-10-21,Moon,Chiodo,M,1996-07-27
213151,1962-10-05,Kellie,Honglei,M,1993-01-02
213924,1959-04-16,Ziva,Lyonns,M,1993-06-29
214012,1960-03-13,Kwangsub,Asser,F,1995-02-20
214042,1956-04-09,Karlis,Narwekar,M,1990-10-26
214231,1957-04-22,Arif,Gecsel,M,1987-06-06
214098,1956-10-04,Masanao,Billingsley,M,1985-05-20
214302,1955-04-26,Xiadong,Siegrist,M,1987-05-15
214240,1959-05-11,Hinrich,Kadhim,M,1989-12-09
214441,1954-08-25,Padma,Sgarro,F,1987-12-17
214470,1952-11-07,Ortrun,Yoshizawa,M,1995-07-14
214548,1958-07-15,Yannik,Rikino,F,1988-04-16
214608,1954-12-19,Nalini,Fujisawa,F,1989-05-24
215126,1953-09-29,Jouni,Snedden,M,1995-01-08
214748,1958-10-30,Marsal,Erbe,M,1989-08-04
215644,1954-11-26,Surveyors,Angot,F,1998-08-01
215513,1954-09-01,Sigeru,Litzkow,F,1987-01-15
215699,1964-09-26,Gregory,Rettelbach,M,1987-01-27
215908,1964-12-02,Odysseas,Jording,M,1998-11-28
216205,1952-03-09,Annemarie,Joslin,F,1996-06-15
216742,1962-12-13,Dmitry,Acton,F,1992-02-25
216771,1955-01-28,Bartek,Hofting,M,1990-08-03
216976,1959-10-29,Mahmut,Templeman,F,1986-12-24
216846,1958-05-26,Freyja,Boyle,M,1987-04-29
218059,1960-09-13,Jungsoon,Bahi,M,1986-04-13
216947,1954-04-30,Utz,Vernadat,F,1987-10-12
217100,1961-06-25,Prodip,Gerteisen,F,1986-10-09
217148,1963-03-04,Gina,Kroll,F,1991-10-26
217650,1964-04-17,Ger,Clouatre,M,1996-02-07
217734,1953-06-08,Tayeb,Eldridge,F,1985-12-10
217908,1956-08-27,Sandeepan,Emmerich,M,1990-05-30
218108,1964-07-04,Douadi,Camurati,M,1987-06-12
218145,1960-12-10,Jolita,Bamford,M,1988-03-12
218318,1961-05-05,Sastry,Antonakopoulos,M,1985-07-06
218259,1962-01-23,Abdelkader,Oxman,M,1993-12-11
218576,1956-06-16,Shaibal,Mungall,M,1997-09-07
218664,1954-04-16,Tua,Beutelspacher,F,1999-08-20
219109,1957-10-21,Domenick,Hofting,F,1989-07-09
219664,1954-12-07,Djenana,Farrag,F,1995-11-23
220005,1964-09-04,Toshiko,Wrigley,M,1986-10-14
219793,1964-03-02,Nitsan,Lampe,M,1993-06-12
219870,1953-04-20,Leif,Kushner,M,1986-04-29
220317,1961-11-22,Adel,Streit,F,1986-04-23
220579,1957-12-26,Vitaly,Jakobus,M,1993-04-13
220532,1963-11-26,Jeong,Harbusch,M,1999-05-22
220667,1952-08-07,Turgut,Lyonns,M,1988-10-20
220924,1955-03-23,Lenore,Sevcikova,F,1995-04-13
220826,1953-06-10,Froduald,Rajcani,M,1989-01-12
221237,1962-12-07,Zhonghua,Bernini,M,1988-04-14
221112,1956-06-17,Xumin,Highland,F,1990-06-15
221420,1957-02-20,Mizuhito,Piveteau,M,1992-05-04
221949,1964-01-25,Gopalakrishnan,Tsunoo,M,1992-06-12
221872,1952-11-20,Mayuri,Luca,M,1991-03-09
221910,1962-03-05,Malu,Peek,M,1987-05-21
221986,1953-10-04,Muneo,Azuma,M,1992-07-14
222031,1952-02-10,Khaled,Berztiss,F,1996-11-28
222218,1960-08-10,Duangkaew,Matzat,F,1988-05-22
222266,1953-07-25,Ziva,Straney,M,1993-03-24
222284,1953-12-30,Roddy,Birge,F,1992-02-17
223310,1953-01-12,Jolita,Erdi,F,1986-07-14
222415,1962-10-12,Nirmal,Tomescu,F,1992-03-25
222598,1954-08-06,Lokesh,Bade,M,1985-03-15
222907,1962-11-08,Kirk,Backhouse,F,1987-10-08
222946,1963-10-11,Marin,Narahari,M,1990-09-22
223159,1955-04-23,Aiichiro,Restivo,M,1992-06-26
223169,1957-07-11,Mikhail,Weisert,F,1985-11-08
223243,1955-05-22,Chikako,Solares,M,1990-08-09
223338,1954-01-18,Jaideep,Olivero,F,1994-09-25
223347,1960-11-18,Peer,Gerlach,F,1997-05-19
223776,1957-08-30,Gino,Stifter,M,1991-08-01
223600,1955-06-14,Evgueni,Bernardeschi,F,1990-07-18
224206,1953-05-05,Bilhanan,Ciolek,F,1986-07-11
223848,1962-07-21,Hilary,Erman,M,1989-11-24
224102,1952-10-02,Lokesh,Hoogerwoord,F,1986-08-07
224287,1958-04-12,Basant,Vasanthakumar,M,1986-04-15
224519,1960-05-03,Bernardo,Pagter,M,1987-03-05
224392,1961-04-20,Francesca,Muhlberg,F,1992-01-03
225623,1953-09-14,Arunas,Taubenfeld,M,1987-10-22
224960,1953-04-09,Yechiam,Soicher,F,1996-08-07
225463,1954-07-16,Temple,Masada,M,1988-08-05
225471,1964-10-19,Subbu,Vidya,M,1994-01-07
225507,1962-11-30,Nikolaus,Mamelak,M,1997-02-23
226879,1961-11-20,Arnd,Diderrich,M,1991-11-17
225680,1960-06-09,Elliott,Hanabata,F,1993-08-14
226221,1964-10-28,Martine,Randt,F,1988-07-17
226753,1961-04-10,Shen,Maraist,F,1988-11-16
226798,1961-10-10,Barna,Waeselynck,M,1995-04-08
226908,1961-01-20,Zine,Rohrbach,M,1994-12-25
227718,1963-10-19,Mariusz,Gaughan,M,1989-03-18
227384,1954-07-05,Luise,Kilgour,M,1993-02-01
227546,1962-07-09,Mingdong,Pavlopoulou,M,1992-04-16
227786,1954-04-10,Maia,Rodite,M,1996-07-29
227848,1963-08-22,Shigeaki,Itzfeldt,F,1992-01-23
227950,1960-10-22,Hirochika,Rosis,F,1995-02-07
227903,1952-08-07,Genki,Willoner,F,1997-07-27
227959,1961-02-23,Nigel,Akaboshi,M,1992-01-29
228034,1954-11-13,Radhia,Wegerle,F,1991-01-24
228371,1954-07-29,Bernd,Barbanera,F,1997-10-18
228619,1963-05-11,Clyde,Milicia,M,1986-04-19
228640,1961-03-26,Unal,Herber,M,1989-03-16
228649,1954-09-15,Xiaoqiu,Erni,M,1994-09-29
228948,1957-10-11,Shir,Imataki,M,1987-08-03
229045,1961-11-23,Emdad,Lalonde,M,1992-06-24
228968,1958-10-08,Gill,Jahnichen,F,1995-11-24
229092,1952-03-09,Fumiya,Morrin,F,1987-01-03
229678,1961-12-17,Seongbin,Cappello,M,1990-07-29
229111,1954-05-31,Satoru,Schiper,F,1987-02-01
229300,1956-07-12,Georg,Erev,F,1994-09-06
229339,1963-12-05,Kousuke,Showalter,F,1985-05-25
230094,1960-01-18,Otilia,Pepe,F,1989-02-26
229920,1963-06-02,Arfst,Schlenzig,M,1986-05-03
230430,1958-11-21,Akeel,Speel,M,1993-03-18
230440,1958-02-03,Xiaopeng,Vesna,M,1995-07-31
230685,1960-05-14,Boaz,Chandrasekhar,M,1991-03-16
230959,1955-01-10,Fayez,Barriga,M,1991-08-16
230997,1958-08-20,Deborah,Masada,M,1988-06-27
231170,1953-07-15,Mingdong,Champarnaud,F,1990-07-02
231179,1953-07-01,Cristinel,Benaini,M,1992-10-09
231200,1958-09-13,Unal,Botman,F,1985-06-07
231247,1964-10-26,Padma,Chimia,M,1986-11-27
231532,1957-12-12,Toshiko,Papsdorf,M,1986-07-28
232802,1953-02-24,Branimir,Riesenhuber,M,1986-08-12
231569,1957-10-11,Vishv,Lamparter,F,1987-04-06
231616,1955-02-15,Shalesh,Szmurlo,F,1993-09-07
231677,1962-07-05,Badri,Beilner,F,1989-07-18
232110,1961-10-03,Changho,Hebden,M,1985-02-25
232175,1961-06-22,Toney,Sidhu,M,1993-08-11
232212,1959-07-08,Gino,Ibel,M,1992-07-16
232409,1961-08-11,Serap,Litzkow,M,1985-04-07
232438,1953-08-03,Demos,Polupanov,M,1986-09-24
232721,1956-01-31,Elrique,Chleq,M,1990-04-26
233316,1958-01-03,Yoshimitsu,Denis,M,1995-10-02
232927,1962-11-04,Ebru,Anger,M,1989-11-08
232959,1964-02-03,Ioana,Zeilberger,M,1988-06-10
233968,1959-06-19,Moheb,Schlenzig,M,1990-09-28
234069,1961-03-11,Licheng,Peral,M,1990-08-12
234106,1961-10-28,Eckart,Staudhammer,M,1989-01-05
234691,1957-12-21,Yunming,Karnin,F,1985-09-07
234208,1955-10-31,Yucai,Horswill,F,1988-02-13
234458,1964-05-10,Hironoby,Sadowski,M,1989-09-28
234721,1960-02-27,Seongbin,Murthy,M,1989-03-28
234741,1958-06-24,Jaewoo,Asser,F,1990-12-21
235122,1957-12-23,Willard,Taubman,M,1988-10-16
234973,1960-08-25,Khoa,Swist,M,1986-08-30
235346,1957-01-11,Mabo,Riexinger,M,1987-06-08
235187,1956-08-30,Xiong,Mukaidono,F,1991-07-18
235354,1963-11-08,Utpal,Ranai,F,1987-01-24
235598,1952-07-02,Thanasis,Siochi,M,1990-10-04
235645,1955-07-20,Mona,Carrere,F,1985-11-26
235695,1954-09-13,Zongyan,Ellozy,M,1992-07-16
235927,1956-01-12,Chuanyi,Schwartzbauer,M,1986-11-07
235774,1952-06-30,Shmuel,Acton,M,1994-12-15
235975,1961-01-24,Fai,Hammerschmidt,M,1995-11-16
236386,1955-11-17,Jiong,Yetto,F,1987-12-28
236402,1958-12-29,Khedija,Merkl,M,1991-02-24
236662,1957-08-05,Shrikanth,Narahara,M,1991-04-20
236546,1959-08-07,Youssef,Vieth,M,1988-04-28
236583,1964-12-28,Jordanka,Malabarba,F,1998-09-21
236593,1958-06-09,Yuchang,Hashii,M,1991-09-15
237247,1956-01-26,Sudharsan,Theuretzbacher,F,1988-08-09
237162,1956-06-19,Howell,Smailagic,F,1994-01-28
238125,1958-01-21,Shaibal,Reeker,F,1996-08-20
237524,1964-06-20,Valeri,Baca,F,1991-01-09
238383,1960-07-20,Shai,Hedayat,M,1994-02-27
238392,1952-05-22,Shietung,Hiroyama,F,1993-01-11
238403,1952-11-26,Apostol,Bashian,F,1994-12-28
238435,1953-01-30,Alois,Lalonde,M,1989-08-18
238758,1961-07-07,Berhard,Genther,F,1992-10-16
238619,1955-11-27,Badri,Benantar,M,1986-09-30
239059,1964-03-11,Piyawadee,Rosca,M,1988-09-02
238778,1964-06-05,Caolyn,Beidas,M,1998-10-21
239389,1964-07-07,Tamiya,Christ,F,1987-03-21
239426,1965-01-08,Vesna,Fairtlough,F,1994-08-09
239673,1959-08-29,Hidefumi,Erni,M,1988-07-01
239551,1964-05-21,Theirry,Baar,F,1985-03-20
240263,1960-06-15,Elrique,Prampolini,M,1986-03-05
239721,1952-05-26,Ramzi,Crouzet,M,1988-12-01
240144,1962-06-06,Satyanarayana,Caine,M,1996-04-19
240516,1956-05-31,Shichao,Yetto,M,1998-09-09
240526,1956-11-09,Unal,Murtha,F,1992-10-26
240711,1952-03-05,Kokou,Alpin,M,1987-08-20
240489,1962-07-08,Pradeep,Sullins,M,1997-11-19
240796,1963-11-25,Atreyi,Kamble,M,1986-05-11
240755,1956-07-26,Adamantios,Gajiwala,M,1985-07-17
240944,1959-05-26,Xiaoheng,Sewelson,F,1988-09-19
240843,1956-08-10,Fusako,Picci,M,1994-02-17
241385,1962-03-18,Charmane,Leuchs,F,1993-03-02
241127,1964-09-25,Turgut,Takkinen,M,1991-04-18
241157,1962-03-22,Hideyuki,Yeung,F,1991-12-21
241205,1959-10-05,Yoshinari,Erni,F,1995-01-26
241622,1955-08-22,Mara,Grospietsch,M,1987-02-14
242128,1956-04-30,Xuedong,Pearson,M,1995-07-16
242229,1964-03-26,Barton,Szmurlo,M,1991-01-10
242118,1959-11-02,Shigehiro,Rajala,M,1993-03-17
242427,1962-06-03,Honesty,Rijsenbrij,F,1995-12-25
242476,1957-03-06,Shem,Conta,M,1996-09-27
243091,1954-09-19,Kristian,Bonifati,M,1997-09-15
242381,1952-05-14,Garnik,Kolvik,F,1999-12-30
242389,1959-07-09,Sukumar,Schapire,M,1993-12-13
243354,1957-06-17,Shao,Schlegelmilch,F,1987-02-01
243609,1962-11-13,Lunjin,Bratten,F,1998-06-22
244153,1961-06-02,Danil,Waleschkowski,M,1994-03-22
243742,1964-07-15,Jongsuk,Zykh,M,1997-05-25
243845,1955-05-31,Selwyn,Larfeldt,M,1986-07-19
245488,1957-11-19,Yurij,Vecchi,F,1997-08-16
244322,1957-12-15,Rimon,Dalphin,M,1994-05-09
244413,1958-03-17,Jingling,Jeansoulin,M,1986-03-18
244532,1961-12-11,Vasiliy,Chepyzhov,M,1995-03-01
245358,1956-07-13,Hidekazu,Terekhov,M,1991-12-14
245366,1953-12-03,Sachar,Rodier,M,1985-07-08
245413,1963-02-18,Shaleah,Bashian,F,1987-03-09
245542,1952-04-19,Huican,Perly,F,1992-05-01
246332,1953-04-20,Geoff,Uhrik,F,1991-05-07
245629,1957-04-11,Aris,Renear,M,1989-03-12
246835,1963-05-22,Shunichi,Morrin,F,1989-01-05
246511,1955-06-30,Kokou,Pelz,M,1987-11-30
246691,1957-07-04,Tua,Beeson,M,1994-08-26
246733,1964-11-25,Godehard,Baranowski,F,1985-02-24
246769,1955-02-18,Shunichi,Baar,M,1995-02-22
247095,1956-01-09,Mokhtar,Spataro,M,1992-04-14
247144,1962-12-20,Alexius,Karcich,F,1990-07-12
247155,1960-03-20,Gunilla,Oxenboll,M,1986-10-24
247194,1955-07-21,Poornachandra,Farris,F,1993-04-30
247509,1953-07-15,Dinah,Jiafu,F,1994-04-12
247775,1957-08-11,Yuping,Muniz,M,1987-03-10
247644,1960-02-13,Tamiya,Orsini,F,1988-06-14
248072,1960-11-06,Mack,Francisci,F,1985-09-03
247929,1959-08-27,Cheong,Hiltgen,F,1991-07-04
248418,1956-02-05,Krassimir,Bergere,F,1987-04-24
248192,1953-04-08,Erez,Srimani,M,1995-11-11
248211,1956-05-04,Gay,Isaac,F,1992-01-24
248232,1953-09-26,Hinrich,Rodiger,F,1988-06-04
248931,1956-05-02,Constantijn,McAlpine,F,1986-01-13
248426,1955-03-06,Adib,Dalphin,M,1991-05-23
248699,1962-07-08,Shimshon,Sidou,M,1989-05-18
249105,1958-08-30,Irena,Wixon,F,1989-06-11
248960,1959-05-30,Katsuo,Debuse,M,1992-03-22
249032,1955-06-02,Weicheng,Levergood,M,1991-04-25
249041,1952-11-12,Masato,Nollmann,F,1992-03-23
249398,1962-01-12,Chriss,McClurg,F,1985-12-14
249246,1959-07-11,Wilmer,Krohn,M,1987-08-14
249285,1961-04-21,Waiman,Chepyzhov,F,1993-01-18
249313,1964-03-17,Utz,Stranks,M,1986-02-08
249684,1954-06-26,Aram,Hockney,M,1995-04-14
249614,1960-05-07,Tetsushi,Lambe,M,1996-09-05
249712,1960-04-21,Ennio,Baaleh,M,1991-08-26
249722,1960-01-31,Sverrir,Bondorf,M,1986-07-27
250528,1955-03-07,Abdulla,Barvinok,M,1986-02-11
250144,1952-08-30,Constantine,Lorys,M,1991-07-22
250595,1963-08-21,Shuho,Peir,M,1990-10-07
250810,1963-12-02,Shuzo,Sundgren,M,1987-04-20
250840,1955-09-14,Berry,Radivojevic,F,1994-11-16
251501,1960-10-09,Maya,Lienhardt,M,1987-01-04
250964,1962-08-29,Shim,Jenevein,M,1995-11-27
251136,1963-06-13,Atreye,Antonisse,F,1995-05-07
251154,1954-08-18,Zdislav,Picel,M,1988-11-11
251548,1962-08-08,Dipayan,Antonisse,F,1993-10-22
251688,1952-06-24,Tsuneo,Jenevein,F,1985-06-03
251623,1963-09-12,Brewster,Delgrossi,M,1990-11-18
252170,1960-08-08,Tristan,Dalphin,F,1989-06-30
252054,1963-05-07,Zdislav,Kadhim,M,1992-01-05
252268,1964-02-17,Phuoc,Veldwijk,M,1994-10-11
252523,1955-06-26,Masami,Schwabacher,M,1986-12-12
252351,1954-08-10,Kersti,Flanders,M,1988-10-17
252391,1952-07-18,Bezalel,Morton,F,1987-09-22
252810,1964-12-29,Arnd,Farris,F,1988-12-28
252830,1961-10-12,Inderjeet,Cappelli,M,1988-12-11
252849,1956-12-14,George,Neiman,M,1995-09-05
253091,1952-09-08,Yechezkel,Zallocco,M,1991-08-07
253301,1962-10-29,Valeri,Dredge,M,1987-03-17
253148,1956-01-30,Alair,Bail,F,1988-11-22
253367,1959-04-25,Xumin,Begiun,F,1985-04-24
253538,1957-08-30,Nimmagadda,Gurbaxani,M,1988-07-12
253427,1952-08-17,Yunming,Hebden,M,1993-11-11
253437,1963-07-08,Valeri,Gunderson,M,1988-04-28
253463,1960-08-07,Feixiong,Dulay,F,1994-11-02
253583,1964-10-02,Duri,Driscoll,M,1989-12-10
253613,1953-06-22,Chaoyi,Brender,F,1991-07-26
253794,1960-08-05,Toshiko,Tibblin,F,1986-07-26
254103,1956-04-19,Taizo,Scharstein,M,1986-05-13
254461,1958-12-26,Sorina,Siepmann,M,1990-09-12
254262,1964-11-30,Shay,Boissier,F,1992-06-28
255643,1964-12-16,Limsoon,Taubman,M,1992-09-27
254403,1957-07-30,Yagil,Mapelli,F,1995-12-25
254616,1964-12-20,Kristin,Baek,F,1985-09-15
255117,1954-10-06,Tamiya,Bouloucos,M,1997-02-22
255443,1955-06-01,Jingling,Perko,F,1989-09-28
255488,1952-06-17,Vugranam,Azuma,F,1994-09-14
255803,1953-01-21,Taegyun,McClurg,F,1994-09-30
256399,1956-10-06,Xiaopeng,Marchegay,M,1995-01-03
255942,1962-02-17,Salvador,Restivo,M,1990-04-06
256239,1953-01-01,Stein,Gadepally,F,1990-09-05
256429,1954-10-09,Takahiro,Kaiserswerth,M,1987-01-26
256857,1963-08-14,Jeanna,Pfau,F,1990-05-28
256565,1955-08-08,Khosrow,Thorensen,M,1992-05-06
256781,1963-12-06,Taizo,Pezzoli,M,1995-09-24
257490,1961-06-29,Serap,Avouris,M,1994-04-15
256840,1953-12-01,Bartek,Navazio,M,1987-04-14
257033,1962-09-30,Mostafa,Harllee,F,1986-05-18
257623,1953-04-02,Becky,Validov,F,1995-11-24
257632,1964-04-28,Quingbo,Wynblatt,M,1990-08-03
257998,1956-09-16,Turgut,Honglei,M,1992-03-23
257823,1964-01-02,Bouchung,Gewali,M,1994-04-07
257922,1963-06-25,Chirstian,Pusterhofer,F,1993-08-08
258208,1963-09-16,Divine,Lores,F,1999-06-22
258087,1964-08-14,Zita,Marrevee,M,1988-08-26
258166,1956-01-02,Stepehn,Rikino,M,1985-02-04
258229,1964-10-11,Heeju,Herath,F,1991-06-17
258299,1956-03-14,Bluma,Prochazka,M,1992-06-04
258524,1961-07-02,Youjian,Hardjono,M,1987-03-16
258403,1957-04-19,Flemming,Danner,M,1999-09-16
260087,1956-02-29,Jianhao,Hiraishi,F,1987-07-06
259170,1960-05-26,Masanao,Spelt,M,1987-12-30
259530,1957-05-22,Dmitri,Barvinok,F,1985-12-06
259728,1961-04-26,Uwe,Ranum,F,1988-01-02
260135,1964-10-07,Stella,Luga,M,1993-02-06
260431,1953-05-13,Branimir,Liesche,M,1994-01-28
260315,1964-06-10,Unal,Skrikant,M,1992-05-20
260691,1964-02-11,Christophe,Henders,M,1986-09-08
260605,1956-11-14,Jiafu,Morrin,F,1993-06-13
260718,1959-01-07,Somnath,DuCasse,F,1993-02-27
261105,1964-08-24,Shin,Ginneken,M,1989-08-22
260956,1964-12-13,Shuky,Picht,M,1993-04-08
260983,1956-08-28,Ranan,Rissanen,M,1989-08-23
261845,1952-08-18,Maria,Schmittgen,F,1991-01-08
261003,1961-08-11,Ult,Shigei,M,1996-04-02
261217,1961-11-09,Keung,Giveon,M,1988-07-08
261746,1954-01-01,Hinrich,Cangellaris,M,1995-04-21
262085,1964-06-16,Pohua,Oberman,F,1992-10-27
262393,1961-01-16,Gian,Mandell,M,1997-01-15
262057,1955-02-11,Dinah,Bojadziev,M,1986-07-19
262065,1963-01-07,Leszek,Matheson,F,1989-06-19
262620,1957-03-24,Hatim,Hardjono,M,1997-08-15
262540,1964-12-20,True,Bisiani,M,1987-01-27
262558,1961-08-09,Parviz,Baaleh,F,1986-11-14
262628,1959-03-10,Ekawit,Erman,F,1998-03-09
262673,1955-01-22,Kazuhira,Wixon,M,1987-03-25
262612,1959-12-27,Poorav,Maierhofer,F,1997-08-26
262890,1958-03-15,Navid,Papsdorf,M,1989-05-10
263015,1956-05-17,Nirmal,Erbe,F,1995-09-24
263518,1959-02-21,Shugo,Underwood,M,1985-08-04
263353,1963-03-18,DeForest,Kusakari,F,1985-05-31
263717,1955-09-30,Harjit,Flasterstein,M,1989-10-09
263673,1962-10-21,Khue,Yeung,F,1989-06-08
263738,1955-03-19,Kazunori,Bressoud,F,1988-11-11
263786,1964-01-30,Caolyn,Waeselynck,F,1993-08-25
263884,1963-10-24,Charlene,Piazza,M,1988-01-01
264625,1962-04-15,Yuqun,Muntz,M,1997-07-16
264306,1952-10-09,Xiaobin,Curless,F,1987-03-10
264920,1959-09-22,Percy,Samarati,F,1994-09-08
264535,1953-12-16,Gunilla,Ashish,F,1986-07-11
265257,1955-07-22,Chenxi,Kilgour,F,1993-04-20
265143,1962-08-06,Changho,Billawala,F,1994-04-24
265266,1960-07-25,Kwee,Eugenio,M,1986-09-26
266051,1956-12-19,Nobuyoshi,Thombley,M,1989-02-04
265351,1959-12-10,Zhensheng,Gils,F,1994-01-05
265677,1959-04-04,Toshimi,Bhattacharjee,F,1995-05-28
265687,1955-05-09,Shuky,Ranta,M,1985-07-08
265845,1960-12-17,Magy,Chvatal,F,1994-08-11
266147,1955-05-16,Lalit,Krichel,M,1985-12-21
266235,1962-02-17,Evgueni,Kuhnemann,F,1994-06-07
266257,1953-03-22,Franziska,Camarinopoulos,M,1993-12-31
266333,1954-02-14,Moss,Oppitz,M,1986-07-11
266431,1960-01-27,Chikako,Ohori,M,1994-12-10
266442,1958-01-26,Tooru,Geffroy,M,1993-01-13
267334,1957-03-16,Arne,Aseltine,M,1992-12-30
266856,1952-02-27,Kwee,Azadmanesh,M,1992-03-02
267140,1956-09-16,Hugh,Heuser,M,1999-04-14
267437,1955-04-01,Naraig,Servi,M,1999-05-03
267705,1952-10-08,Domenick,Broomell,M,1994-10-20
267715,1952-09-25,Jouni,Businaro,F,1993-08-26
268562,1957-06-24,Manton,Eiron,F,1993-01-16
267902,1962-05-13,Neven,Trumbly,F,1994-08-11
267931,1962-01-05,Volkmar,Lindenbaum,M,1987-05-26
268130,1961-07-15,Shuky,Luef,M,1996-09-08
268177,1959-08-03,Fen,Foote,M,1987-12-29
268408,1955-09-30,Shahar,Brendel,M,1995-01-05
269854,1955-03-24,Shih,Gente,M,1986-12-03
268680,1958-10-09,Selwyn,Ashish,M,1990-01-14
268972,1958-05-13,Sreenivas,Boudaillier,F,1989-01-25
269251,1960-06-12,Lubomir,Chleq,M,1988-03-30
269571,1960-08-08,Takanari,Champarnaud,M,1991-03-24
269947,1960-05-18,Christfried,Saoudi,M,1994-05-21
270195,1962-06-07,Sorina,Straney,M,1994-07-30
270213,1955-05-27,Kristin,Khalid,M,1991-08-06
270476,1963-03-03,Nitsan,Sullins,M,1990-07-23
270989,1960-12-23,Shaz,Remmers,M,1993-08-07
270631,1957-06-21,Ger,Gluchowski,F,1988-01-13
270784,1953-10-11,Piyush,Docker,M,1987-01-07
271192,1953-10-30,Tooru,Marchegay,F,1991-12-04
271155,1954-11-30,Chinhyun,Strooper,M,1989-04-21
271313,1954-05-24,Atreyi,Plavsic,M,1989-03-09
271683,1961-01-28,Kasidit,Pillow,M,1997-02-01
272452,1965-01-10,Mitsuyuki,Isard,M,1993-06-28
271714,1956-08-03,Kiyotoshi,Pokrovskii,M,1994-02-06
271758,1957-06-07,Hausi,Luks,M,1989-09-04
272089,1955-12-27,Reuven,Makrucki,M,1986-11-17
272683,1955-11-16,Monique,Cyne,F,1986-05-26
272535,1955-12-15,Turgut,Baranowski,M,1994-03-09
272740,1958-08-22,Chiradeep,Baalen,F,1994-05-01
273321,1961-12-06,Zito,Noriega,M,1989-05-05
273360,1954-03-11,Kellie,Bade,F,1985-05-04
273615,1960-09-13,Subhankar,Luff,M,1988-09-30
274011,1952-10-15,Breannda,Mawatari,M,1986-05-05
273718,1954-10-06,Padma,Nitto,M,1986-02-11
273776,1963-06-01,Visit,Sommer,F,1993-04-22
274261,1956-10-29,Tommaso,Merks,F,1988-02-14
274225,1955-01-23,Fumitaka,Fioravanti,F,1998-08-20
274802,1956-07-31,Gonzalo,Homond,M,1995-05-05
274399,1957-09-04,Uta,Sambasivam,M,1987-08-18
275471,1962-05-04,Florian,Cangellaris,M,1986-08-21
275132,1958-03-18,Reinhard,Ramamoorthy,F,1986-02-16
275344,1957-11-12,Gudjon,Cannata,F,1985-09-04
275383,1959-03-22,Ymte,Sankaranarayanan,M,1992-12-30
275399,1960-02-05,Licheng,Servi,F,1987-03-07
276361,1962-10-01,Zhonghui,Zongker,M,1992-03-14
275663,1961-11-20,Vivian,Kuzuoka,F,1989-01-15
275673,1962-11-20,Dietrich,Azumi,F,1993-12-28
276381,1953-08-10,Genki,Kirkerud,F,1985-09-11
276566,1962-04-09,Seongbin,Brobst,F,1991-08-06
276848,1952-12-24,Diederik,Staylopatis,M,1997-04-10
277168,1964-06-17,Laurentiu,Ramamoorthy,M,1995-03-30
277369,1958-05-27,Lokesh,Ozeri,M,1986-05-31
277379,1958-09-10,Yoshimitsu,Carrera,F,1987-03-06
277717,1955-08-03,Danai,Setiz,M,1997-02-22
277504,1958-01-31,Tzvetan,Peha,M,1985-08-11
278416,1958-06-08,Hairong,Conte,M,1989-09-11
277834,1963-06-25,Izaskun,Alpay,F,1986-01-08
278046,1963-03-19,Freyja,Bultermann,F,1989-09-09
278300,1958-05-01,Huai,Stavenow,M,1991-07-10
278715,1955-01-31,Amstein,Schaft,M,1988-12-25
278772,1955-03-16,Giordano,Tramer,M,1995-04-29
279060,1959-11-29,Szabolcs,Setia,M,1991-12-09
279495,1954-12-15,Marie,Danecki,M,1993-10-04
279180,1955-06-10,Malu,Perfilyeva,M,1989-02-28
279842,1959-01-03,Gladys,Waleschkowski,F,1994-03-14
279681,1964-09-15,Wonhee,Falster,F,1991-08-10
279851,1955-01-13,Weicheng,Hellwagner,F,1993-06-10
280862,1964-05-05,Leen,Sigstam,F,1986-10-20
279974,1962-11-17,Gio,Zeidenstein,M,1995-10-18
280236,1954-11-05,Sadegh,Vingron,M,1985-03-21
281103,1952-08-22,Bodh,Hebden,F,1997-09-14
281018,1959-10-06,Elrique,Zielinski,M,1992-01-18
281058,1955-06-17,Miomir,Bressoud,M,1987-09-11
281120,1957-10-24,Vivian,Garnick,M,1994-08-23
281131,1953-11-10,Munenori,Luff,F,1989-12-29
281178,1964-02-02,Lucien,Murtagh,F,1995-10-11
281189,1959-08-05,Constantine,Coombs,F,1991-12-07
281308,1957-11-15,Ung,Poupard,M,1986-10-18
282579,1963-05-26,Leszek,Ruther,M,1998-09-18
281623,1960-08-08,Moss,Majewski,F,1989-08-21
281642,1953-08-07,Itzchak,Lakshmanan,M,1990-11-06
281687,1952-08-24,Halsur,Heystek,M,1990-11-18
282455,1963-09-10,Yucai,Bierbaum,M,1990-01-19
282518,1957-04-04,Insup,Bharadwaj,M,1988-08-19
283188,1960-03-22,Duro,Rosis,M,1988-06-10
282691,1962-08-18,Nikolaos,Nanard,M,1985-07-01
284163,1953-01-22,JoAnna,Cromarty,M,1987-01-14
284050,1952-09-30,Haldon,Maginnis,M,1997-06-09
284076,1963-11-04,Arne,Benantar,F,1993-01-15
284304,1955-11-05,Nirmal,Malabarba,M,1987-07-15
284957,1958-01-15,Evgueni,Rusmann,M,1985-06-26
284464,1959-05-21,Danai,Kohling,M,1990-08-23
285443,1963-01-10,Shen,Benzaken,M,1993-04-11
285103,1961-02-04,Lucian,Coorg,M,1988-09-30
285528,1952-09-09,Eric,Ressouche,M,1992-08-02
285603,1960-04-16,Keung,Atchley,F,1996-03-27
286184,1962-12-18,Atilio,Huttel,M,1987-08-09
285649,1955-03-05,Gian,Ranai,M,1986-07-12
285898,1962-11-23,Mihalis,Schade,M,1998-08-21
286158,1954-06-07,Tesuya,Kuszyk,M,1991-10-25
286278,1961-10-20,Takahiro,Roccetti,M,1993-05-02
286764,1962-11-25,Mikhail,Kenevan,F,1985-04-21
286389,1959-01-15,Takahira,Schurmann,M,1991-08-04
287309,1963-06-16,Przemyslawa,Swan,M,1989-08-21
286880,1954-05-26,Tetsurou,Waterhouse,F,1990-12-02
286957,1956-03-20,Oksana,Baaleh,M,1995-07-01
287366,1960-07-18,Stafford,Kuzuoka,F,1995-08-14
287597,1953-03-31,Shigeaki,Pellegrinelli,M,1998-03-02
287458,1954-04-01,Leandro,Kemmerer,M,1992-04-14
287684,1959-06-15,Radhia,Schmiedel,M,1987-12-29
287711,1954-01-04,Amabile,Jansch,F,1986-07-28
287950,1960-01-30,Vugranam,Taubenfeld,M,1997-08-22
288440,1964-06-15,Shim,Bael,M,1989-02-13
287865,1958-09-16,Chiranjit,Setia,M,1991-01-26
287891,1957-12-16,Heejo,Ranka,M,1997-08-26
288741,1961-01-24,Kwun,Bage,F,1990-08-14
288768,1952-10-07,Khosrow,Lindenbaum,M,1988-02-20
289087,1956-05-04,Seshu,Hooghiemstra,M,1988-06-26
289516,1953-12-09,Candido,Stamatiou,F,1997-01-14
289773,1956-02-08,Marie,Ranze,M,1985-09-11
289828,1963-06-26,Xinglin,Thiria,F,1988-07-17
290081,1954-05-12,Snehasis,Pietrzykowski,M,1997-08-17
289924,1963-06-19,Kellie,Jayawardene,M,1985-07-28
290098,1962-05-23,Youssef,Dymetman,F,1992-06-07
290618,1964-02-24,Sastry,Stanfel,M,1987-03-12
290707,1957-07-02,Tiina,Jeong,F,1990-11-20
290718,1964-11-27,Sajjan,Godskesen,F,1991-03-29
290744,1964-09-20,Arnould,Doering,F,1985-06-18
292220,1956-11-03,Danny,Ouhyoung,M,1999-10-26
291247,1959-08-17,Khun,Bage,M,1990-08-10
291256,1954-09-15,Subbu,Lortz,F,1996-11-11
291382,1955-04-05,Mari,Emden,M,1993-07-09
292146,1965-01-09,Khatoun,Pulkowski,F,1994-02-25
292813,1958-10-25,Susuma,Brickell,F,1991-04-03
292405,1957-09-04,Ebru,Reeken,F,1992-02-04
292595,1958-02-12,Fen,Shanbhogue,M,1987-01-03
292653,1960-07-21,Basim,Gide,F,1987-05-29
292995,1955-10-31,Junsik,Picel,M,1988-07-06
292964,1953-07-21,Valdiodio,Demian,F,1993-12-23
293013,1963-01-23,Masoud,Murthy,F,1985-06-13
293056,1956-09-11,Jagoda,Hoogerwoord,M,1994-12-22
293114,1958-09-13,Mohd,Cochrane,M,1990-05-11
293088,1959-09-08,Mads,Salvesen,F,1995-03-20
293176,1952-11-22,Leucio,Bashian,F,1996-07-22
293632,1954-02-01,Arnould,Kenevan,F,1987-01-31
293684,1952-10-27,Suebskul,Llado,M,1994-09-14
293812,1957-09-04,Lalit,Tempesti,M,1986-06-16
294384,1959-05-19,Bangqing,Maksimenko,F,1990-10-16
294187,1964-10-01,Marie,Liesche,F,1995-04-30
294223,1954-03-26,Pantung,Albarhamtoshy,M,1987-07-22
294313,1961-05-27,Eben,Nitta,M,1989-03-28
294972,1964-08-17,Manohar,Kavraki,F,1987-03-01
294514,1952-12-10,Kwangyoen,Scharstein,M,1986-02-20
294578,1954-06-01,Alexius,Kermarrec,F,1996-01-20
295065,1954-07-04,Otilia,Luon,F,1986-12-09
295144,1962-04-08,Masako,Plesums,F,1992-01-02
295095,1954-04-13,Mohua,Mayerwieser,F,1991-04-30
296510,1955-01-22,Aron,Choobineh,M,1992-10-25
295442,1954-10-20,Owen,Riexinger,M,1993-11-18
295493,1957-06-16,Huiqun,Trumbly,M,1991-03-16
295795,1954-10-27,Tomofumi,Budinsky,M,1985-12-18
296574,1958-11-11,Rimon,Uhrik,F,1994-04-18
297816,1954-11-29,Dekang,Hempstead,M,1998-10-11
296790,1954-06-25,Shaleah,Oppitz,M,1986-08-25
296835,1962-10-11,Ottavia,Salverda,M,1993-03-17
297116,1961-08-07,Gianluca,Stemann,F,1988-12-09
297124,1953-04-27,Sariel,Siprelle,F,1995-11-23
297634,1958-08-23,Charmane,Juneja,M,1989-07-16
297642,1955-08-10,Matk,Krichel,F,1997-03-19
297844,1956-06-06,Juyoung,Vesel,M,1990-07-29
298240,1956-06-22,Dines,Lampe,F,1997-04-12
298079,1962-08-08,Mandell,Luby,F,1990-12-24
298099,1953-02-14,Premal,Sinitsyn,M,1990-01-07
298128,1958-08-31,Shai,Hebert,F,1986-09-24
298268,1960-02-29,Valeska,Wilharm,M,1995-02-16
298590,1963-08-31,Yakkov,Awdeh,M,1995-10-16
298360,1954-03-04,Mabry,Butterworth,M,1998-11-13
298643,1957-11-15,Seongbae,Munos,F,1986-07-27
298745,1963-08-07,Nectarios,Litvinov,M,1988-10-10
299025,1958-07-03,Jiakeng,Lorho,M,1994-10-27
298889,1958-01-23,Sukumar,Keirsey,M,1988-09-15
299294,1953-08-28,Qingxiang,Cairo,M,1993-01-18
299386,1959-03-11,Hein,Zeleznik,F,1995-12-25
299760,1957-09-09,Ramya,Radivojevic,M,1991-09-27
299623,1959-03-18,Kenton,Bahr,M,1988-10-19
299780,1954-12-07,Elgin,Sgarro,M,1991-05-09
400019,1954-01-16,Karsten,Denti,F,1997-01-08
299862,1961-03-11,Ulises,Muntz,M,1986-04-20
299911,1953-02-08,Boriana,Warwick,F,1990-08-30
400238,1963-08-10,Niclas,Baez,F,1985-02-18
400288,1954-04-06,Paddy,Macedo,M,1986-08-15
400744,1952-11-01,Bouchung,Validov,F,1996-06-25
400862,1963-12-02,Adas,Kopetz,M,1993-11-07
400718,1955-04-13,Aamer,Frolund,M,1990-06-07
401827,1954-04-18,Harjit,Reinhard,M,1992-10-14
401702,1954-11-30,Changho,Samarati,F,1997-08-15
401873,1958-09-09,Rajmohan,Koprowski,F,1987-05-07
401791,1958-11-05,Shalesh,Ibel,M,1990-07-01
401810,1962-03-05,Ymte,Albarhamtoshy,M,1992-10-11
402353,1957-07-30,Munehiko,Heydon,M,1993-06-20
402409,1955-09-09,Indrajit,Azuma,M,1996-08-08
402345,1958-06-21,Chanjung,Czaja,M,1991-12-25
403515,1952-04-03,Mahendra,Ladret,M,1989-10-05
402536,1952-05-26,Kellie,Bressoud,M,1996-05-27
402755,1956-02-24,Nikolaus,Lunn,M,1997-02-05
402827,1965-01-28,Weidon,Pollacia,F,1988-02-27
403035,1954-10-16,Billur,Dratva,M,1989-01-22
403545,1954-07-08,Unal,Litvinov,F,1999-09-02
403572,1957-01-11,Qunsheng,Ginneken,M,1997-07-24
403770,1962-05-28,Dietrich,Spelt,M,1995-12-22
404615,1963-03-06,DAIDA,Papadias,F,1988-06-09
403848,1956-07-16,Filipe,Kitsuregawa,F,1991-06-12
404105,1953-08-30,Minghong,Cyre,M,1988-01-26
404124,1956-09-24,Somnath,Morton,F,1986-11-23
404134,1958-03-24,Luigi,Rehfuss,M,1989-07-26
404449,1953-05-25,Xiaoqiu,Schnelling,M,1988-02-13
405384,1958-09-09,Indrajit,Yetto,M,1993-11-20
404705,1959-08-12,Mechthild,Tetzlaff,M,1996-11-01
404976,1957-06-25,Saddek,Rosar,F,1998-01-16
405888,1954-05-25,Leucio,Alpay,F,1987-05-17
405624,1957-08-15,Geoff,Thiria,M,1996-02-17
406844,1952-10-08,Shichao,Peir,F,1991-02-02
406027,1959-06-23,Tadahiko,Vrecion,M,1993-08-11
406483,1957-04-20,King,Dulli,M,1991-02-24
407495,1952-07-27,Leni,Krupka,M,1994-12-03
406968,1958-03-23,Hidekazu,Carrere,M,1989-04-30
406998,1960-02-14,Seongbae,Eugenio,F,1990-08-23
407373,1962-05-12,Kitty,Imataki,F,1999-09-08
408229,1952-08-19,Ung,Knightly,M,1995-04-29
408030,1953-12-21,Kiyokazu,Vitiello,F,1996-06-10
408238,1958-08-03,Stepehn,Conia,M,1995-03-11
408260,1956-08-09,Hsiangchu,Hofman,M,1997-04-06
408614,1953-05-06,Aloke,Szilard,F,1994-06-09
408700,1957-08-17,Uli,Uludag,M,1996-09-30
408784,1962-02-04,Constantijn,Sidou,M,1991-08-21
408828,1961-08-21,Danny,Borstler,F,1997-08-08
409083,1956-07-28,Chaitali,Siprelle,M,1999-07-27
408937,1956-05-18,Siddarth,Yetto,F,1994-04-30
409008,1963-11-07,Heeju,Piveteau,M,1995-03-30
409615,1958-06-18,Satosi,Matzke,M,1993-07-11
409650,1952-02-03,Erzsebet,Murtha,F,1989-04-16
410123,1959-06-14,Duangkaew,Pokrovskii,M,1988-06-15
409802,1953-08-14,Xiadong,Lieberherr,F,1991-10-02
410105,1954-11-24,Guozhong,Hasenauer,M,1992-08-18
410167,1963-03-12,Kousuke,Taubman,M,1991-04-07
410238,1952-05-20,Giao,Pell,F,1992-09-13
410993,1956-02-15,Maris,Rettelbach,M,1995-07-25
410345,1953-06-06,Xiaoqiang,Ballarin,M,1989-01-07
411056,1955-02-13,Filipe,Honiden,M,1990-01-04
411217,1964-12-01,Piyawadee,Sinicrope,M,1991-10-25
411140,1958-12-27,Lansing,Kawashimo,F,1987-10-31
411159,1959-09-28,Jackson,Cheshire,M,1989-06-17
411266,1956-09-12,Douadi,Schwaller,M,1986-11-30
411765,1957-04-23,Gritta,Birta,F,1989-01-13
411630,1964-02-25,Radhakrishnan,Murillo,M,1986-04-12
411784,1953-04-26,Leandro,Katalagarianos,M,1988-05-29
412175,1959-03-10,Kenroku,Vingron,F,1993-04-11
412203,1957-11-24,Rosella,Heiserman,F,1990-01-26
412972,1958-01-26,Moti,Rande,M,1994-07-28
412364,1957-05-01,Parke,Bamford,F,1998-02-01
412528,1953-07-28,Mohit,Bouloucos,M,1990-10-20
413007,1956-07-07,Claudi,Nannarelli,M,1987-09-20
413250,1959-03-05,Shigeichiro,Gihr,M,1989-02-09
413178,1957-08-06,Somnath,Verhaegen,M,1989-09-13
413285,1963-01-15,Fai,Burnard,M,1985-09-19
413475,1955-09-01,Vitaly,Michaeli,M,1994-08-14
413378,1960-06-01,Luigi,Bisiani,M,1987-09-24
413433,1955-10-21,Chikara,Zastre,F,1991-05-18
413483,1957-01-25,Mona,Shimshoni,M,1993-03-23
413538,1956-04-26,Torsten,Kaelbling,M,1989-05-28
413755,1954-10-05,Serap,Munke,M,1988-11-11
413647,1960-03-19,Frazer,Pramanik,M,1996-07-15
413764,1961-05-19,Yannik,Heuser,M,1986-06-19
414036,1958-08-17,Marie,Streng,F,1989-06-19
413856,1961-03-20,Nikolaos,Hofmeyr,F,1996-07-06
414278,1954-07-04,Alois,Openshaw,M,1990-11-17
414529,1964-08-05,Remko,Hiltgen,F,1992-12-18
414440,1952-09-20,Basem,Gniady,F,1995-12-29
414459,1963-04-17,Janalee,Pintelas,M,1991-10-04
414546,1957-08-06,Sakthirel,Litvinov,M,1993-07-20
416526,1959-04-17,Arun,Rosar,M,1997-06-29
414697,1963-03-07,Gilbert,Walstra,M,1989-08-17
415227,1960-02-06,Radhia,Heydon,F,1994-02-06
415766,1964-12-16,Kamran,Penttonen,M,1990-03-18
416662,1958-02-27,Odysseas,Veldwijk,F,1993-06-10
416815,1955-11-21,Mohd,Knightly,M,1992-01-18
416883,1954-08-18,Hyuncheol,Dalphin,F,1990-02-02
416939,1957-05-26,Berthier,Zultner,M,1994-04-22
417141,1959-10-09,Mandell,Belinskaya,M,1995-02-02
417453,1963-02-03,Cullen,Radwan,F,1996-05-16
417621,1964-06-08,Premal,Spinelli,M,1985-12-25
417629,1956-06-01,Geoffrey,Passafiume,F,1987-09-01
417701,1958-01-15,Juichirou,Stafford,F,1988-12-19
417921,1958-09-02,Shahab,Koblick,F,1990-05-11
418157,1952-10-22,Shuho,Gruenwald,M,1995-07-23
418165,1955-01-03,Kauko,Pehl,F,1993-08-23
418247,1965-01-08,Oscar,Oppitz,M,1995-06-30
419104,1954-06-25,Satoru,Vasanthakumar,M,1985-07-14
419000,1952-12-15,Subhada,Sluis,M,1987-03-29
419351,1957-05-21,Dannz,Whittlesey,M,1985-10-05
419333,1963-08-19,Susuma,Fetvedt,F,1988-04-25
419894,1962-11-01,Uli,Prampolini,M,1986-12-20
420435,1961-03-05,Nidapan,Bugrara,M,1989-12-17
420314,1952-05-24,Oguz,Demke,M,1987-10-07
420323,1956-04-29,Willard,Msuda,F,1989-02-26
420513,1953-01-22,Claudi,Fargier,F,1998-10-02
420606,1960-01-28,Jaber,Unno,F,1989-10-02
420689,1955-05-27,Elvia,Koshiba,F,1999-09-01
421032,1954-03-29,Aemilian,Trachtenberg,M,1985-04-11
420904,1961-12-06,Srinidhi,Hofting,M,1985-06-02
421113,1958-05-27,Aluzio,Porotnikoff,F,1988-10-12
421401,1952-08-05,Jaewon,Litzler,F,1986-12-29
421689,1963-03-17,Theron,Cullers,M,1987-06-03
421297,1961-01-05,Eishiro,Sifakis,M,1989-10-13
421324,1955-09-19,Boaz,Heuter,F,1986-07-07
421697,1953-02-22,Marko,Iwayama,M,1987-06-18
421959,1959-09-26,Salvador,Peck,M,1994-01-10
421775,1954-11-18,Gretta,Baak,M,1987-04-16
422221,1953-03-23,Jagoda,Babu,M,1992-07-18
422036,1957-02-11,Barry,Breugel,M,1985-04-28
422072,1960-08-26,Sigeru,Kuszyk,M,1986-04-26
422099,1963-01-14,Mohit,Bahl,F,1985-09-30
422146,1965-01-08,Kenton,Miara,F,1988-02-24
423305,1958-09-09,Fusako,Christianini,F,1985-10-24
422376,1962-05-14,Heeju,Cappelletti,M,1986-03-11
422601,1963-08-10,Premal,Cmelik,M,1985-11-03
422876,1963-08-30,Chenyi,Quadeer,F,1989-10-24
423127,1956-06-25,Tuval,Quittner,M,1990-11-05
423144,1960-05-17,Mayuri,Grabner,M,1995-03-12
423228,1964-12-21,Jacopo,Polupanov,M,1996-10-01
423402,1961-04-28,Van,Mikschl,M,1992-10-23
423448,1952-08-06,Aleksandar,Calkin,F,1991-11-25
423508,1958-12-25,Conor,Stenning,F,1996-10-18
424562,1958-09-30,Sreenivas,Cincotta,F,1995-11-19
423635,1959-12-16,Richara,Rissanen,F,1985-11-21
423912,1957-03-21,Hiroyasu,Ranum,F,1996-12-31
423986,1955-08-16,Debatosh,Alvarado,M,1985-06-20
424006,1954-01-19,Sailaja,Levasseur,M,1996-04-22
424062,1954-01-01,Masami,Slaats,F,1990-12-09
424319,1958-03-09,Khoa,Piveteau,M,1995-10-05
424416,1952-03-11,Geraldo,Showalter,M,1993-05-15
424435,1961-04-22,Snehasis,Rodier,M,1997-06-30
425818,1952-02-11,Aris,Shiratori,M,1996-03-13
425173,1961-09-21,Miyeon,Beerel,M,1986-10-23
425386,1964-12-25,Kristof,Shackel,M,1989-07-25
425465,1953-02-10,Sumali,Michaels,F,1996-10-22
426040,1957-08-30,Remko,Eickenmeyer,M,1999-03-13
426387,1953-01-13,Filipe,Paludetto,M,1998-10-10
426175,1961-07-17,Ayonca,Keirsey,M,1996-05-18
426415,1962-04-26,Owen,Laurillard,M,1988-08-26
426923,1959-09-24,Rutger,Picci,F,1985-09-27
426517,1963-07-07,Zvonko,Frezza,M,1990-06-08
426558,1962-05-03,Vidar,Tyugu,F,1989-05-10
426806,1964-11-01,Changho,Yemenis,M,1991-12-11
427463,1963-06-26,Uzi,Lund,F,1997-07-22
426999,1961-09-02,Constantine,Miculan,M,1990-03-24
427095,1957-06-14,Rajmohan,Walston,M,1992-11-30
428022,1962-01-13,Moie,Beilner,M,1990-01-25
428227,1964-01-09,Leon,Salinas,M,1985-12-23
428582,1952-04-04,Vugranam,Uhrig,F,1992-07-09
428323,1956-05-20,Xiaoqiang,Zastre,M,1987-03-03
428663,1962-06-17,Saniya,Kulisch,M,1992-03-02
429311,1956-06-10,Mircea,Caine,M,1988-09-01
428944,1961-04-09,Danil,Denos,F,1998-05-06
428972,1958-07-23,Susuma,Rathonyi,M,1986-04-29
429773,1957-11-13,Mingsen,Ruemmler,M,1985-10-07
429609,1957-10-18,Sakthirel,Gyorkos,M,1993-07-19
431368,1958-12-02,Izaskun,Reinhard,M,1996-07-12
429972,1961-11-25,Feixiong,Ressouche,M,1989-10-28
430018,1959-10-23,Florian,Pettey,F,1990-02-15
430266,1962-01-02,Girolamo,Stamatiou,F,1989-11-08
430638,1958-06-11,Ugo,Chimia,M,1990-02-07
431260,1958-04-19,Xuejun,Demke,M,1996-08-03
431875,1964-02-21,Teruyuki,Quaggetto,F,1994-10-27
431418,1957-08-22,Heeju,Thebaut,M,1998-08-24
431427,1957-10-18,Shai,Munos,M,1993-11-10
431781,1962-10-17,Masaru,Bale,M,1988-04-09
431799,1954-03-09,Boguslaw,Pouyioutas,M,1997-11-06
431884,1960-05-09,Sreenivas,Sullins,M,1991-07-27
432408,1959-09-08,Marl,Brender,M,1989-02-24
432301,1962-02-15,Leaf,Kobara,M,1997-10-01
432718,1962-04-11,Hirochika,Cunliffe,F,1989-05-09
432757,1953-09-07,Teiji,Erni,M,1986-03-22
432897,1960-07-03,Sushant,Bennet,F,1995-06-10
432796,1961-11-08,Dmitri,Munke,F,1997-12-31
433477,1958-08-20,Aran,Horswill,M,1997-11-05
433289,1962-08-06,Selwyn,Khamsi,M,1992-02-18
433862,1960-03-12,Gou,Ghemri,M,1997-11-17
434067,1962-12-04,Wanqing,Brattka,F,1997-01-18
434288,1957-09-13,Kasturi,Beausoleil,M,1996-02-08
434584,1956-01-23,Kazuhito,Bellmore,M,1988-05-07
434394,1964-07-27,Fumitaka,Wroclawski,F,1995-01-14
435055,1959-05-15,Tiina,Kavanagh,M,1987-08-12
434835,1963-02-15,Horward,Rando,M,1989-09-24
435121,1962-07-17,Duangkaew,Matzen,F,1993-06-01
435142,1960-12-30,Charmane,Serra,F,1991-04-06
435343,1963-10-18,Yinlin,Collavizza,M,1988-12-31
435597,1954-07-23,Khosrow,Jeansoulin,M,1999-08-24
436476,1964-12-31,Jackson,Ullian,F,1989-02-01
436087,1957-04-01,Christoph,Perz,F,1988-10-06
436616,1952-10-02,Aram,Rande,M,1989-07-09
436627,1956-06-02,Josyula,Krzyzanowski,M,1985-12-08
436756,1955-12-25,Faiza,Peek,F,1998-10-20
436825,1961-10-19,Branimir,Varker,M,1991-06-20
436885,1959-06-21,Shalesh,Warwick,M,1989-03-15
437116,1957-12-12,Uzi,Emiris,M,1986-05-26
437519,1952-11-15,Reinhard,Hockney,F,1991-12-29
437172,1961-02-19,Salvador,Srimani,F,1986-12-23
437769,1963-06-02,Florina,Landherr,F,1987-03-19
438121,1956-01-25,Kristinn,Naudin,F,1994-09-23
438188,1956-07-25,Yifei,Suri,M,1988-11-27
439975,1962-01-02,Harngdar,Emiris,M,1986-01-06
438670,1959-06-21,Toshimi,Sigstam,M,1986-04-25
439922,1955-10-08,Fei,Rosti,F,1993-11-08
440003,1953-03-11,Arto,Grandbois,M,1995-03-21
440050,1952-05-20,Gou,Wolniewicz,M,1989-11-21
440494,1961-04-28,Neelam,Nishimukai,M,1994-10-01
440241,1963-01-09,Taisook,Schaaf,F,1995-01-05
440259,1954-12-24,Changho,Farris,M,1987-08-21
440277,1959-03-23,Weiyi,Brattka,M,1989-10-07
441545,1960-06-01,Mingsen,Kalorkoti,M,1991-08-30
440822,1956-03-08,Teruyuki,Conry,F,1988-05-18
440888,1957-05-08,Moriyoshi,Swick,M,1986-11-02
441043,1952-03-25,Duangkaew,Heinisuo,M,1985-11-30
441090,1960-09-23,Aloke,Shobatake,F,1990-08-12
441110,1958-11-15,Toshiko,Klyachko,F,1994-05-25
441399,1957-01-05,Shichao,Andreotta,M,1989-05-05
442458,1955-10-26,Shichao,Rindone,M,1991-04-06
441707,1957-05-24,Kwun,Hegner,M,1999-08-10
441971,1958-07-20,Lenore,Talmor,F,1985-11-13
442006,1958-06-26,Shigehiro,Gustavson,M,1991-08-14
442258,1963-11-03,Seshu,Manders,M,1997-05-20
442277,1957-12-10,Koichi,Anger,M,1992-02-20
442314,1954-08-20,Miquel,Schwartzburd,M,1985-06-07
442549,1958-03-13,Weidon,Vesna,F,1992-05-05
442605,1962-04-16,Kensyu,Pluym,M,1986-03-14
443934,1954-08-15,Fatemeh,Cusworth,F,1999-02-06
442844,1955-04-17,Marit,Peak,M,1989-04-29
443045,1960-07-19,Pascal,Peir,M,1991-01-14
443183,1952-04-13,Owen,Brodie,M,1989-07-18
443218,1954-11-22,Xiahua,Noriega,M,1986-01-08
444648,1956-07-10,Constantino,Eugenio,M,1989-03-15
444686,1958-09-14,Edwin,Tzvieli,M,1985-06-24
444743,1963-06-29,Rimon,Maliniak,M,1985-09-10
444824,1956-01-27,Mari,Furedi,M,1999-02-28
444850,1953-07-20,Weiye,Schapiro,F,1989-10-31
444961,1960-02-21,Guozhong,Bolsens,M,1997-06-06
445344,1963-05-04,Krister,Isard,F,1990-11-08
445692,1956-06-13,Berni,Huhdanpaa,F,1997-01-03
445457,1961-05-17,Jeong,Matzat,F,1994-07-18
445713,1952-05-05,Kamakshi,Henders,M,1994-05-18
446147,1954-12-11,Krassimir,Karunanithi,M,1985-03-23
445790,1952-08-18,Visit,Luon,M,1985-07-21
446468,1955-01-09,Kagan,Lanphier,M,1988-12-20
446265,1955-05-31,Narain,Bakhtari,M,1990-11-17
446360,1957-03-07,Trygve,Kopetz,F,1991-08-21
446716,1956-07-09,Ziya,Furedi,F,1988-08-01
446550,1956-02-25,Dante,Lakshmanan,M,1987-12-13
447253,1960-11-26,Francesca,Fujisawa,F,1986-10-10
446641,1954-11-02,Zhilian,Quaggetto,M,1991-03-01
447184,1953-08-16,Piyush,Hambrick,M,1995-10-05
447463,1956-08-27,Sham,Uchoa,F,1987-12-20
447374,1964-11-23,Uinam,Chaudhury,F,1995-05-22
447564,1954-11-04,Charmane,Kriebel,F,1988-03-27
447798,1960-02-28,Geoffrey,Hofman,M,1986-01-17
447695,1959-01-04,Amabile,Rijckaert,M,1987-11-20
448110,1962-02-15,Alair,Wegerle,M,1996-10-03
447901,1953-02-12,Masanao,Vernadat,M,1993-06-03
448332,1962-10-18,Abdelkader,Michaels,M,1987-09-16
448364,1954-08-13,Xuedong,Sinitsyn,F,1986-01-03
448849,1963-02-22,Tadahiro,Ozery,M,1986-04-08
448469,1962-03-18,Rosella,McClure,M,1985-11-29
449149,1957-10-13,Valery,Luke,M,1991-03-14
449025,1953-08-26,Shao,Levasseur,F,1996-01-17
449034,1956-06-29,Uzi,Strehl,M,1991-10-11
449260,1954-07-10,Uzi,Maraist,F,1990-04-13
449615,1957-06-18,Vishv,Kilgour,F,1992-06-21
449513,1962-04-18,Gro,Lemarechal,M,1995-04-22
449904,1959-01-14,Shem,Schusler,M,1992-09-30
449744,1959-03-07,Zorica,Leslie,F,1993-08-05
449953,1956-02-06,Gay,Dusink,F,1987-11-30
450060,1956-06-14,Toney,Brattka,F,1992-06-28
450128,1963-10-11,Junsik,Uludag,F,1987-05-01
450196,1955-05-14,Zeydy,Picht,F,1985-12-10
450322,1955-11-19,Hsiangchu,Melichar,M,1985-02-14
450217,1953-10-28,Petter,Gluchowski,M,1988-06-08
450823,1957-01-18,Hironoby,Monkewich,M,1993-06-11
450422,1952-06-26,Tayeb,Ebeling,M,1986-02-08
450723,1952-10-22,Iara,Tzvieli,F,1990-10-10
451161,1955-09-15,Gay,Nittel,F,1998-01-11
450732,1960-10-18,Yuichiro,Pettit,M,1986-06-13
451391,1956-04-27,Yongdong,Sambasivam,M,1998-12-28
451208,1954-07-23,Taegyun,Versino,F,1986-05-19
451296,1963-05-14,Shigeu,Beidas,M,1996-02-09
451412,1962-09-08,Jiong,Litecky,F,1990-04-17
451890,1955-12-03,Elrique,Godskesen,M,1989-05-01
451568,1964-09-06,Elvia,Segond,M,1988-09-26
451833,1957-01-23,George,Jiang,M,1988-04-22
451921,1955-11-05,Jayesh,Radhakrishnan,F,1987-03-03
451959,1956-01-24,Kendra,Suermann,M,1989-11-19
452193,1952-07-29,Stabislas,Kamber,M,1995-05-29
452069,1953-06-02,Nahum,Hiyoshi,M,1986-10-05
452447,1961-02-24,Souichi,Nivat,F,1990-07-29
452334,1964-10-21,Doowon,Soicher,F,1992-09-24
453045,1962-10-07,Christophe,Karcich,M,1989-06-05
452545,1959-01-26,Sachin,Poulakidas,M,1986-02-13
452604,1958-11-27,Chinya,Makrucki,M,1991-02-15
452631,1956-03-27,Demin,Steenbeek,M,1989-06-20
453337,1961-10-24,Gritta,Gornas,M,1993-01-13
453493,1960-10-19,Khue,Birrer,F,1988-05-05
453524,1956-09-11,Hyuncheol,Gurbaxani,M,1993-01-06
453580,1963-04-04,Greger,Levergood,M,1992-02-03
453695,1954-09-09,Zhensheng,Cappello,M,1994-11-18
453957,1956-01-05,Prasadram,Breugel,M,1989-06-28
453853,1963-12-03,Danel,Schauser,M,1986-07-21
454426,1952-03-24,Lidong,Lalonde,F,1994-05-07
454111,1961-08-16,Nirmal,Slaats,F,1993-09-10
454711,1958-03-18,Goh,Luit,F,1991-11-20
454616,1956-02-15,Avishai,Castellani,M,1998-02-24
454749,1953-11-24,Almudena,Roohalamini,M,1989-03-19
454978,1956-01-20,Yannik,Chandrasekhar,F,1985-06-13
455023,1956-05-13,Ziva,Stavenow,M,1994-10-03
455067,1952-06-16,Nishit,Siprelle,M,1990-04-17
456122,1961-08-12,Howell,Sethi,M,1996-09-04
455171,1953-08-31,Navin,Wolniewicz,M,1997-04-13
455651,1953-05-03,Feiyu,Baer,M,1996-07-24
455935,1952-12-11,True,Milicia,M,1991-08-15
456149,1954-09-11,Sigeru,Grospietsch,F,1988-12-18
456297,1959-04-07,Takahira,Krone,M,1987-06-14
456305,1963-08-08,Xiahua,Keustermans,F,1986-06-26
456871,1953-06-29,Yonghong,Delgrande,M,1994-09-23
456890,1956-04-19,Cedric,Cools,M,1985-02-07
458080,1955-09-03,Conor,Ecklund,F,1990-06-14
457404,1964-12-22,Yechezkel,Gerteisen,F,1986-04-17
457681,1959-05-09,Peer,DuBourdieux,F,1994-05-20
459257,1959-01-06,Akemi,Dahlbom,M,1990-01-17
458382,1962-05-25,Nimmagadda,Krider,M,1986-11-17
458400,1956-02-02,Rayond,Greibach,F,1986-07-03
458607,1964-02-21,Jianwen,Varley,M,1987-05-16
458895,1953-11-11,Moheb,Pell,M,1989-09-27
459134,1956-04-02,Anwar,Grabner,M,1990-03-18
459877,1954-12-30,Shem,Demir,M,1988-04-18
459412,1961-09-30,Insup,Zschoche,M,1990-06-11
459673,1953-04-07,Tiina,Qiwen,M,1986-01-26
460088,1953-01-10,Elvia,Kusakari,F,1985-04-13
460002,1954-07-12,Ennio,Braunschweig,F,1995-08-30
460034,1959-08-04,Sandeepan,Vecchio,F,1995-01-24
460660,1955-03-12,Pranav,Azevdeo,M,1986-11-04
461016,1961-01-17,Muneo,VanScheik,M,1985-06-16
461092,1957-03-16,Souichi,Middleton,F,1988-03-27
461112,1953-01-04,Jaroslava,Dichev,M,1993-09-25
461532,1958-01-13,Hongzue,Reinhard,M,1997-07-19
461177,1958-09-12,Krister,Pusterhofer,M,1993-06-03
461441,1962-01-30,Arunas,Junet,M,1987-01-31
461641,1958-06-04,Pasqua,Pfau,M,1985-06-14
461451,1962-01-01,Owen,Pavlopoulou,M,1988-02-18
461885,1954-10-22,Sreenivas,Gluchowski,M,1985-12-26
462082,1960-06-07,Masadi,Ohori,M,1996-12-11
462874,1962-07-14,Pranay,Mandell,M,1993-08-05
462470,1955-12-15,Satyanarayana,Worfolk,F,1986-06-15
462516,1956-10-03,Lobel,Rosch,F,1990-02-06
462564,1953-12-04,Sadok,Lamba,F,1995-03-18
462915,1955-04-28,Diederik,Spinelli,F,1990-09-09
462962,1952-02-17,Heejo,Alpay,M,1991-12-06
463523,1955-02-28,Amabile,Raoux,F,1994-09-17
463036,1956-02-08,Aram,Beetstra,F,1987-07-05
463779,1958-07-08,Sajjad,Avouris,F,1987-12-17
463625,1960-01-02,Xiaobin,Setiz,M,1993-07-15
463926,1961-12-14,Jahangir,Hatcliff,M,1997-10-20
463839,1955-06-09,Teiji,Narahara,M,1990-06-15
463965,1955-08-27,Jahangir,Christ,F,1999-03-24
463996,1964-11-15,Przemyslawa,Ballarin,M,1992-02-07
464023,1952-03-21,Yinghua,Zuberek,M,1996-08-28
464469,1954-01-08,Guiseppe,Jeong,M,1991-11-29
464134,1955-01-01,Sumant,Improta,F,1998-03-29
464437,1952-05-24,Steve,Kamble,F,1987-06-26
464486,1959-12-21,Oksana,Taubenfeld,F,1995-07-16
464745,1956-07-18,Shaleah,Porenta,F,1996-05-28
465779,1959-11-18,Masato,Gopalakrishnan,M,1986-01-07
465026,1962-02-09,Nagui,Spell,M,1986-02-26
465084,1959-01-15,Martina,Majewski,F,1994-09-01
466237,1957-06-06,Kenton,Poulakidas,F,1989-01-28
466102,1962-09-22,Filipe,Gerlach,M,1997-02-25
466791,1953-07-05,Make,Ghalwash,F,1990-04-20
466396,1957-03-17,Mizuhito,Chvatal,F,1988-07-10
467079,1963-07-26,Chirstian,Hellwagner,M,1996-04-10
466943,1964-04-30,Mayuri,Angelov,F,1986-05-02
466952,1960-03-08,Saniya,Bernini,F,1987-06-01
466960,1957-03-14,Roded,Detkin,F,1997-05-28
467647,1960-03-05,Barton,Nilsson,F,1985-05-23
467226,1953-07-27,Goa,Aamodt,M,1991-01-04
468080,1964-01-19,Kitty,Setlzner,F,1996-04-14
467765,1953-09-14,Xiaobin,Cunliffe,M,1991-12-16
468100,1952-06-11,Guoxiang,Lambe,M,1987-07-26
468676,1956-11-29,Beshir,DuCasse,F,1999-10-21
469059,1963-06-30,Margo,Hofstetter,M,1988-02-18
468599,1954-10-29,Kish,Kornatzky,M,1992-09-18
468820,1962-10-26,Danil,Ballarin,F,1995-09-17
469067,1962-03-25,Sudharsan,Boudaillier,M,1999-02-23
469482,1963-03-30,Takahira,Serov,F,1996-11-17
469691,1952-05-22,Nidapan,Puppe,M,1990-01-08
469742,1957-07-29,Hideyuki,Radwan,F,1990-05-08
469947,1958-09-28,Anwar,Cherinka,F,1994-09-11
470072,1962-06-27,Koichi,Heiserman,F,1990-07-03
470255,1963-06-12,Mitsuyuki,Pashtan,F,1993-12-27
470114,1963-12-28,Alexius,Murrill,F,1995-09-19
470202,1952-10-26,Yongdong,Pezzoli,F,1995-12-05
470505,1958-02-05,Mitchel,Chaudhuri,M,1993-08-20
470405,1963-09-06,Suvo,Junet,F,1988-06-25
470535,1962-08-21,Sachem,Motley,M,1997-05-20
470774,1955-08-22,Tsz,Falster,F,1988-12-04
471048,1958-07-02,Anyuan,Chimia,M,1993-02-21
470941,1955-02-15,Shaleah,Klyachko,F,1990-09-14
471296,1959-06-23,Akeel,Akaboshi,F,1986-07-06
471577,1954-11-19,Xiaoheng,Maccarone,M,1988-08-10
471444,1953-10-12,Xinan,Welham,M,1987-01-28
471547,1959-05-12,Xuejia,Manders,M,1993-08-16
471602,1962-06-29,Radoslaw,Usery,F,1987-12-20
471631,1953-04-20,Mingsen,Ibel,M,1985-07-31
471740,1957-05-07,Kerhong,Hatcliff,M,1985-08-27
471979,1952-04-16,Kayoko,Stafford,F,1991-07-27
471828,1960-12-21,Branimir,Vieri,F,1990-02-04
472502,1956-11-02,Vitaly,Billingsley,F,1993-02-21
472155,1959-02-20,Miquel,Narlikar,M,1988-03-16
473139,1962-06-05,Howell,Champarnaud,M,1999-04-08
472664,1958-09-09,Along,Chvatal,F,1996-05-21
473155,1963-12-03,Demos,Minakawa,F,1993-10-16
473656,1953-05-05,Ennio,Senzako,F,1990-07-27
473269,1956-09-24,Janche,Marchegay,M,1989-09-05
473492,1952-05-31,Doohun,Vuskovic,M,1986-11-18
474195,1958-01-04,Zongyan,Guenter,F,1988-01-02
473981,1959-09-02,Alselm,Pargas,F,1987-07-11
474368,1961-04-23,Dipankar,Ginneken,M,1992-03-31
474440,1963-07-09,Vesna,Berendt,M,1986-02-11
474636,1955-04-14,Cristinel,Farrel,M,1988-01-10
474606,1958-12-13,Hsiangchu,Biros,F,1988-01-23
475353,1959-07-08,Bader,Tanemo,F,1988-02-15
474832,1959-12-30,Abdelwaheb,Koshino,M,1992-03-30
474928,1961-06-15,Berna,Legleitner,F,1993-11-04
475231,1962-07-14,Uri,Thombley,M,1999-10-12
475639,1954-10-20,Maha,Ranka,F,1985-12-13
475549,1958-08-16,Sashi,Erni,M,1986-11-17
475870,1956-01-11,Akeel,Oskamp,M,1990-11-10
475736,1961-10-01,Moheb,Casperson,M,1986-12-01
475745,1959-06-23,Takahiro,Pearson,F,1994-04-04
477180,1958-09-09,Bojan,Dengi,M,1996-08-22
476042,1953-05-13,Constantijn,Uhrig,F,1987-11-24
476082,1953-12-20,Youngkon,Vesna,M,1987-05-31
476522,1955-10-05,Shan,Keirsey,M,1993-10-18
476839,1956-03-13,Toshimi,Iwayama,M,1996-10-24
477447,1954-03-11,Falguni,Binkley,F,1989-06-13
477420,1962-05-03,Jaihie,Limongiello,M,1998-06-04
477466,1958-03-19,Qunsheng,Plesums,M,1994-11-17
477542,1954-12-26,Itzchak,Ramsey,M,1997-09-15
477726,1963-01-19,Rayond,Luks,F,1995-04-08
477862,1957-05-26,Domenick,Makinen,M,1991-10-24
477820,1958-08-25,Bangqing,Pettit,F,1992-06-24
478528,1962-03-15,Alois,Peroz,F,1990-08-16
477982,1953-02-27,Murthy,Merks,M,1993-09-25
478107,1963-07-18,Munenori,Vesna,F,1985-11-30
478441,1955-09-21,Francesca,Poujol,M,1990-05-18
478577,1952-06-11,Mong,Impagliazzo,M,1992-01-02
478586,1954-08-18,Poorav,Jansch,F,1993-08-22
478946,1961-07-22,Dinah,Luef,F,1992-05-24
478981,1956-11-07,Oddvar,Ruemmler,F,1993-02-27
479238,1962-07-27,Howell,Lupu,M,1994-12-27
479542,1958-03-02,Elvis,Badache,M,1997-06-19
479353,1960-12-28,Conor,Waschkowski,M,1992-01-09
479994,1954-01-27,Rosli,Wendorf,F,1990-03-16
480807,1961-05-11,Mariangiola,Provine,M,1988-01-17
479974,1963-09-05,Turgut,Mandell,F,1990-07-16
481388,1955-06-06,Miquel,Collette,M,1993-08-23
481235,1958-12-05,Conrado,Berstel,F,1985-08-03
482156,1957-01-07,Seongbae,Lampe,F,1987-07-20
481854,1958-01-13,Shahab,Candan,M,1987-10-23
482947,1963-06-05,Mitchel,Restivo,M,1989-03-28
482268,1954-04-20,Dekang,Waschkowski,M,1986-12-21
482347,1959-04-11,Arvin,Mawatari,F,1992-12-24
482821,1963-12-04,Brendon,Bazzichi,F,1993-08-15
483592,1955-03-29,Lein,Claffy,M,1993-05-19
483163,1959-06-12,Yuqun,Pelc,M,1989-05-22
483793,1963-04-18,Sachio,Binkley,F,1989-05-23
483711,1957-04-20,Yoshimitsu,Servieres,M,1985-03-03
484094,1959-11-19,DeForest,Benveniste,F,1998-05-04
483985,1956-04-12,Aleksandar,Piazza,M,1986-03-18
484618,1958-08-10,Kamran,Setlzner,M,1987-05-03
484470,1957-03-14,Oscal,Boreale,F,1992-07-15
484824,1962-03-24,Remmert,Ramsak,M,1993-04-19
485358,1963-01-31,Chenye,Lunn,M,1987-12-11
485678,1959-11-12,Bodh,Ghemri,F,1997-01-20
485908,1964-02-21,Clyde,Cromarty,M,1994-07-29
485826,1959-11-03,Garnet,Riesenhuber,M,1986-12-17
485854,1964-03-26,Yunming,Baby,F,1994-05-15
486518,1955-05-29,Florian,Pashtan,M,1987-01-25
486077,1963-05-31,Guozhong,Quittner,F,1994-05-23
486591,1959-08-28,Irena,Rikino,F,1986-03-08
486804,1962-08-04,Koldo,Rosiles,M,1997-02-26
486636,1962-11-03,Haldun,Erbe,M,1988-04-05
486901,1960-02-25,Harjit,Raczkowsky,M,1995-02-11
486813,1954-12-07,Masoud,Merro,M,1996-01-04
487115,1956-10-03,Nechama,Hashii,M,1998-12-01
487466,1963-12-08,Spyrose,Chaudhury,M,1990-03-24
487334,1964-05-31,Navid,Munch,M,1986-11-10
487353,1952-07-26,Arto,Chiola,M,1989-05-28
487945,1963-03-26,Arne,Mamelak,F,1993-10-08
489014,1958-07-30,Honglan,Zyda,M,1989-12-01
487888,1958-10-17,Xiong,Picaronny,F,1985-06-07
488117,1954-05-25,Serap,Stranks,M,1989-01-29
490121,1961-01-27,Keiichiro,Monkewich,M,1992-04-02
489145,1962-10-10,Caolyn,Luit,M,1994-04-11
489209,1962-08-20,Fumitake,Chepyzhov,M,1985-04-04
489386,1958-07-10,Chikako,Cullers,F,1991-06-30
489453,1960-02-13,Itzchak,Klerer,F,1985-11-14
490606,1953-08-25,Shichao,Bazzichi,F,1990-01-27
490475,1959-05-12,Otmar,Gire,M,1991-09-14
490663,1958-04-25,Mitchel,Pashtan,M,1985-10-13
490720,1965-01-19,Younwoo,Samarati,F,1996-08-19
490923,1955-01-02,Adas,Harbusch,F,1995-04-17
490813,1954-10-14,Mihalis,Sullins,F,1995-04-21
490822,1952-10-22,Piyawadee,Peir,M,1994-10-12
491165,1954-03-24,Subhrajyoti,Zizka,M,1986-12-12
491022,1958-11-24,Jayson,Sidje,M,1995-01-05
491422,1963-07-10,Stafford,Kopetz,F,1988-08-10
491307,1960-07-18,Gad,Gronowski,M,1995-11-20
491695,1952-08-22,Rosine,Madeira,F,1987-08-06
492112,1961-09-28,Yakichi,Stifter,M,1992-04-07
492123,1955-08-06,Kristina,Reinhart,M,1993-03-02
492702,1962-12-11,Hein,Chappelet,F,1991-02-18
492204,1955-06-30,Vitaly,Ulupinar,M,1986-01-17
492943,1953-07-16,Satyanarayana,Skogmar,F,1987-08-06
492779,1954-07-29,Wilmer,Matteis,M,1998-03-17
492827,1959-01-27,Toshimori,Bottner,F,1993-10-09
493076,1964-02-27,Fox,Baer,M,1992-04-27
492963,1955-03-19,Arvind,Serre,F,1995-08-08
493511,1955-04-22,Rafols,Yurek,F,1989-04-08
493222,1955-02-17,Nechama,Bach,F,1991-02-22
493614,1962-10-05,Renee,Demian,M,1998-07-31
494176,1960-08-21,Mani,Sankaranarayanan,M,1987-08-17
493769,1964-09-16,Atreye,Billingsley,M,1989-11-21
493927,1963-09-06,Dipankar,Marsiglia,F,1989-02-25
494005,1959-01-21,Constantino,Honglei,M,1994-09-25
494034,1962-01-02,Sachin,Munoz,M,1991-05-01
494667,1958-11-21,Pragnesh,Morton,M,1997-05-04
494578,1956-03-16,Aamer,Schaaf,F,1986-05-24
494965,1962-09-25,Domenick,Suri,F,1997-06-06
495159,1957-03-23,Huican,Garnick,M,1992-05-28
495263,1964-07-01,Ewing,Pluym,F,1993-06-13
495035,1957-06-17,Koichi,Beilner,M,1987-02-24
495349,1960-09-07,Pranjal,Claffy,M,1988-08-15
495483,1964-02-13,Tristan,Panwar,M,1994-05-08
495660,1964-09-19,Evgueni,Smailagic,M,1987-03-24
495562,1958-05-13,Harngdar,Braccini,M,1995-04-19
496070,1957-08-24,Sasan,Garnham,M,1986-12-31
495857,1957-10-14,Hugh,Sgarro,M,1986-12-23
495977,1956-02-26,Jouni,Serna,M,1994-09-20
495986,1964-03-11,Shaibal,Stamatiou,F,1992-05-12
496492,1963-11-04,Karoline,Preusig,M,1988-11-03
498757,1959-04-04,Khedija,Demian,M,1993-12-28
496925,1963-03-27,Mountaz,Birch,M,1990-10-24
496945,1958-07-18,Val,Schusler,F,1994-01-24
496955,1964-08-30,Howell,Sidou,M,1985-12-19
496964,1964-09-07,Nathan,Mandelberg,M,1990-01-07
496981,1957-05-20,Masali,Luke,M,1989-11-30
497255,1962-11-24,Mack,Oxman,F,1996-06-23
497335,1961-07-27,Bernt,Sifakis,M,1994-03-25
497346,1958-01-04,Florian,Malabarba,M,1991-03-13
497893,1953-05-03,Sailaja,Ciolek,M,1985-09-02
498300,1958-01-21,Berhard,Fordan,M,1996-08-20
498514,1955-03-22,Piyawadee,Farris,M,1988-08-13
498592,1961-03-12,Fumitake,Zielinski,M,1989-10-02
498937,1959-07-15,Katsuyuki,Hopewell,M,1997-02-07
499604,1964-09-06,Mario,Zschoche,M,1997-04-14
499046,1963-10-13,Weiyi,Krzyzanowski,M,1992-10-12
499098,1959-07-20,Sachem,Milicic,M,1992-08-02
499715,1961-11-14,Takanari,Peltason,M,1994-09-26
499767,1961-04-25,Tooru,Taneja,M,1992-06-17
110022,1956-09-12,Margareta,Markovitch,M,1985-01-01
110039,1963-06-21,Vishwani,Minakawa,M,1986-04-12
110085,1959-10-28,Ebru,Alpin,M,1985-01-01
110114,1957-03-28,Isamu,Legleitner,F,1985-01-14
110183,1953-06-24,Shirish,Ossenbruggen,F,1985-01-01
110228,1958-12-02,Karsten,Sigstam,F,1985-08-04
110303,1956-06-08,Krassimir,Wegerle,F,1985-01-01
110344,1961-09-07,Rosine,Cools,F,1985-11-22
110386,1953-10-04,Shem,Kieras,M,1988-10-14
110420,1963-07-27,Oscar,Ghazalie,M,1992-02-05
110511,1957-07-08,DeForest,Hagimont,M,1985-01-01
110567,1964-04-25,Leon,DasSarma,F,1986-10-21
110725,1961-03-14,Peternela,Onuegbe,F,1985-01-01
110765,1954-05-22,Rutger,Hofmeyr,F,1989-01-07
110800,1963-02-07,Sanjoy,Quadeer,F,1986-08-12
110854,1960-08-19,Dung,Pesch,M,1989-06-09
111035,1962-02-24,Przemyslawa,Kaelbling,M,1985-01-01
111133,1955-03-16,Hauke,Zhang,M,1986-12-30
111400,1959-11-09,Arie,Staelin,M,1985-01-01
111534,1952-06-27,Hilary,Kambil,F,1988-01-31
111692,1954-10-05,Tonny,Butterworth,F,1985-01-01
111784,1956-06-14,Marjo,Giarratana,F,1988-02-12
111877,1962-10-18,Xiaobin,Spinelli,F,1991-08-17
111939,1960-03-25,Yuchang,Weedman,M,1989-07-10
