id,emp_no,salary,from_date,to_date
40,10040,52153.0,1993-02-14,1994-02-14
1004,11004,40226.0,1992-01-19,1993-01-18
298,10298,40000.0,1999-04-27,2000-04-26
604,10604,50849.0,1990-04-07,1991-04-06
681,10681,84136.0,1995-10-02,1996-10-01
1092,11092,78588.0,1999-04-05,2000-04-04
1456,11456,46367.0,1999-03-20,2000-03-19
1732,11732,40000.0,1996-12-22,1997-12-22
2098,12098,62575.0,1991-01-21,1992-01-21
1649,11649,40000.0,1992-12-11,1993-12-11
2877,12877,40000.0,1995-07-11,1996-07-10
2226,12226,40000.0,1997-02-07,1998-02-07
2968,12968,43014.0,1994-03-02,1995-03-02
3458,13458,41375.0,1989-03-02,1990-03-02
3402,13402,40000.0,1999-09-12,2000-09-11
3528,13528,89986.0,1991-08-21,1992-08-20
3538,13538,40000.0,1997-06-08,1998-06-08
3822,13822,40000.0,1998-11-14,1999-11-14
3870,13870,40000.0,1997-02-17,1998-02-17
4179,14179,49505.0,1993-09-18,1994-09-18
5410,15410,58123.0,1989-09-13,1990-09-13
4372,14372,57667.0,1999-12-26,2000-12-25
4596,14596,44661.0,1992-12-23,1993-12-23
4989,14989,42594.0,1986-03-18,1987-03-18
5662,15662,40000.0,1999-09-04,2000-09-03
5643,15643,58685.0,1999-08-16,2000-08-15
5715,15715,40000.0,1999-09-21,2000-09-20
5734,15734,49292.0,1996-12-24,1997-12-24
5745,15745,40000.0,1991-07-16,1992-07-15
6070,16070,40000.0,1995-10-14,1996-10-13
5893,15893,46831.0,2000-01-08,2001-01-07
5932,15932,84994.0,1998-12-11,1999-12-11
6122,16122,58373.0,1989-06-12,1990-06-12
6325,16325,52886.0,1998-01-29,1999-01-29
6132,16132,40000.0,1993-10-21,1994-10-21
6272,16272,40000.0,1986-04-16,1987-04-16
6689,16689,50246.0,2000-01-13,2001-01-12
6989,16989,40000.0,1992-03-24,1993-03-24
6768,16768,49285.0,1992-11-21,1993-11-21
7559,17559,53573.0,1993-09-04,1994-09-04
7419,17419,40000.0,1997-03-04,1998-03-04
8931,18931,40000.0,1995-11-28,1996-11-27
8050,18050,40000.0,1999-08-16,2000-08-15
8157,18157,48645.0,1997-07-21,1998-07-21
8716,18716,40000.0,1991-10-13,1992-10-12
9555,19555,40000.0,1999-02-07,2000-02-07
9770,19770,64993.0,1998-10-03,1999-10-03
9836,19836,74088.0,1996-03-14,1997-03-14
10152,20152,46933.0,1997-05-16,1998-05-16
10424,20424,78506.0,1987-08-03,1988-08-02
10285,20285,88124.0,1995-09-25,1996-09-24
10501,20501,40000.0,1986-01-08,1987-01-08
10686,20686,42281.0,1989-10-07,1990-10-07
10556,20556,52119.0,1990-11-05,1991-11-05
10705,20705,51336.0,1998-03-17,1999-03-17
10814,20814,40000.0,1987-04-30,1988-04-29
11125,21125,42718.0,1998-08-13,1999-08-13
10871,20871,62225.0,1994-08-22,1995-08-22
10918,20918,61263.0,1999-11-13,2000-11-12
10983,20983,50267.0,1999-01-18,2000-01-18
11703,21703,40000.0,1997-09-08,1998-09-08
11283,21283,82496.0,1999-07-11,2000-07-10
11546,21546,75391.0,1988-02-16,1989-02-15
11758,21758,81328.0,1986-10-19,1987-10-19
11970,21970,87308.0,1995-05-18,1996-05-17
11861,21861,40000.0,1999-02-12,2000-02-12
12080,22080,46345.0,1997-03-03,1998-03-03
12308,22308,55847.0,1999-07-26,2000-07-25
12185,22185,40000.0,1996-03-26,1997-03-26
12223,22223,60445.0,1999-04-15,2000-04-14
12233,22233,47259.0,1999-04-29,2000-04-28
12939,22939,40000.0,1997-03-12,1998-03-12
12729,22729,40000.0,1992-08-03,1993-08-03
14584,24584,48248.0,1995-06-09,1996-06-08
13082,23082,60259.0,1998-05-21,1999-05-21
13136,23136,56024.0,1998-02-14,1999-02-14
13369,23369,61057.0,1997-05-09,1998-05-09
13814,23814,78947.0,1991-03-06,1992-03-05
14397,24397,52260.0,1988-03-28,1989-03-28
14874,24874,43060.0,1994-09-13,1995-09-13
14883,24883,48378.0,1993-07-18,1994-07-18
15734,25734,40000.0,1996-05-23,1997-05-23
14987,24987,40000.0,1988-07-19,1989-07-19
15026,25026,66563.0,1998-12-03,1999-12-03
15558,25558,42248.0,1997-05-24,1998-05-24
15569,25569,47544.0,1988-06-29,1989-06-29
15661,25661,51795.0,1992-11-30,1993-11-30
15688,25688,47971.0,1986-03-12,1987-03-12
16809,26809,42449.0,1995-02-16,1996-02-16
15980,25980,40000.0,1986-12-31,1987-12-31
16274,26274,51012.0,1986-09-18,1987-09-18
16913,26913,70794.0,1998-02-05,1999-02-05
16931,26931,40000.0,1988-06-05,1989-06-05
17498,27498,58684.0,1989-09-15,1990-09-15
16958,26958,45702.0,1987-08-11,1988-08-10
16986,26986,66537.0,1992-08-13,1993-08-13
17608,27608,50557.0,1997-07-01,1998-07-01
17657,27657,46066.0,1990-08-11,1991-08-11
18036,28036,45367.0,1999-02-23,2000-02-23
17819,27819,40000.0,1990-02-23,1991-02-23
17838,27838,48479.0,1999-06-27,2000-06-26
17856,27856,40000.0,1995-11-02,1996-11-01
17884,27884,61284.0,1998-05-05,1999-05-05
18216,28216,40000.0,1995-05-24,1996-05-23
18098,28098,52051.0,1994-08-08,1995-08-08
18225,28225,91072.0,1992-04-09,1993-04-09
18574,28574,45359.0,1999-01-11,2000-01-11
18826,28826,40000.0,1987-12-13,1988-12-12
18662,28662,45383.0,1998-07-19,1999-07-19
20643,30643,65863.0,1986-01-22,1987-01-22
18852,28852,40000.0,1992-07-04,1993-07-04
18964,28964,52412.0,1995-08-28,1996-08-27
19174,29174,68513.0,1994-08-14,1995-08-14
19603,29603,68610.0,1997-12-17,1998-12-17
19622,29622,42526.0,1993-07-01,1994-07-01
20120,30120,46832.0,1998-01-18,1999-01-18
20446,30446,64778.0,1998-09-03,1999-09-03
20506,30506,67413.0,1997-01-27,1998-01-27
20892,30892,50545.0,1999-05-24,2000-05-23
20732,30732,40000.0,1995-06-28,1996-06-27
20742,30742,44746.0,1992-08-14,1993-08-14
20823,30823,58420.0,1999-02-26,2000-02-26
20996,30996,62493.0,1992-12-04,1993-12-04
21036,31036,40000.0,1991-03-20,1992-03-19
21206,31206,50703.0,1997-11-04,1998-11-04
21288,31288,40000.0,1992-06-29,1993-06-29
21583,31583,40000.0,1996-12-09,1997-12-09
21978,31978,50317.0,1994-01-25,1995-01-25
21669,31669,40000.0,1996-09-14,1997-09-14
22177,32177,40000.0,1996-12-11,1997-12-11
22013,32013,65048.0,1995-01-27,1996-01-27
22062,32062,86879.0,1996-02-29,1997-02-28
22278,32278,40000.0,1997-04-29,1998-04-29
22557,32557,56582.0,1999-09-02,2000-09-01
22360,32360,52661.0,1994-09-09,1995-09-09
22804,32804,44186.0,1991-07-23,1992-07-22
22751,32751,48712.0,1995-08-19,1996-08-18
24144,34144,57338.0,1994-12-06,1995-12-06
23573,33573,40000.0,1998-12-28,1999-12-28
23880,33880,40000.0,1999-11-23,2000-11-22
24373,34373,55406.0,1997-09-27,1998-09-27
24199,34199,40000.0,1999-03-06,2000-03-05
24571,34571,57578.0,1991-08-05,1992-08-04
24810,34810,75120.0,1989-01-15,1990-01-15
25222,35222,69859.0,1999-01-17,2000-01-17
24998,34998,57664.0,1986-04-25,1987-04-25
25008,35008,58372.0,1998-05-19,1999-05-19
25073,35073,76107.0,1986-11-01,1987-11-01
25253,35253,40000.0,1991-12-20,1992-12-19
25578,35578,40000.0,1997-01-10,1998-01-10
25326,35326,40000.0,1994-11-17,1995-11-17
26119,36119,40470.0,1998-11-19,1999-11-19
25659,35659,80399.0,1997-07-17,1998-07-17
26028,36028,40000.0,1994-05-11,1995-05-11
26138,36138,40000.0,1992-09-18,1993-09-18
26384,36384,47888.0,1987-08-05,1988-08-04
26451,36451,51490.0,1998-03-05,1999-03-05
26841,36841,40000.0,1992-02-06,1993-02-05
26651,36651,40571.0,1987-05-09,1988-05-08
27024,37024,40000.0,1990-04-28,1991-04-28
26995,36995,50247.0,1992-09-23,1993-09-23
27121,37121,40000.0,1999-06-18,2000-06-17
27468,37468,49009.0,1998-12-15,1999-12-15
27507,37507,65398.0,1987-07-05,1988-07-04
27257,37257,40000.0,1995-03-01,1996-02-29
27574,37574,51664.0,1996-11-11,1997-11-11
27310,37310,48903.0,1997-09-19,1998-09-19
28216,38216,40000.0,1999-07-06,2000-07-05
27676,37676,57860.0,1998-02-02,1999-02-02
28288,38288,61616.0,1994-02-01,1995-02-01
28364,38364,62332.0,1998-06-16,1999-06-16
28374,38374,40000.0,1989-10-02,1990-10-02
28248,38248,59972.0,1998-02-24,1999-02-24
28786,38786,42016.0,1996-07-30,1997-07-30
28484,38484,42130.0,2000-01-28,2001-01-27
29033,39033,58856.0,1995-10-05,1996-10-04
28813,38813,40000.0,1998-02-15,1999-02-15
30170,40170,40000.0,1986-12-11,1987-12-11
29511,39511,40000.0,1998-11-22,1999-11-22
29706,39706,40000.0,1992-08-15,1993-08-15
29793,39793,44090.0,1991-01-16,1992-01-16
29812,39812,42858.0,1994-09-18,1995-09-18
30109,40109,40000.0,1999-10-09,2000-10-08
30262,40262,71284.0,1995-12-27,1996-12-26
31119,41119,51229.0,1999-07-02,2000-07-01
30981,40981,40000.0,1993-10-13,1994-10-13
31008,41008,69445.0,1985-02-05,1986-02-05
32043,42043,40000.0,1989-06-02,1990-06-02
31339,41339,40797.0,1991-12-16,1992-12-15
31367,41367,82807.0,1986-07-21,1987-07-21
31964,41964,102036.0,1995-05-03,1996-05-02
32138,42138,73884.0,1993-11-23,1994-11-23
32398,42398,40000.0,1990-01-07,1991-01-07
32480,42480,40000.0,1994-04-07,1995-04-07
32519,42519,59242.0,1992-06-15,1993-06-15
32810,42810,41513.0,1999-01-13,2000-01-13
32557,42557,40000.0,1999-01-12,2000-01-12
32826,42826,40000.0,1996-06-24,1997-06-24
33081,43081,40665.0,1999-07-18,2000-07-17
33438,43438,75609.0,1991-07-13,1992-07-12
33236,43236,52812.0,1999-11-06,2000-11-05
33457,43457,40000.0,1997-05-16,1998-05-16
33994,43994,63332.0,1992-04-24,1993-04-24
33845,43845,40000.0,1999-04-01,2000-03-31
34655,44655,40000.0,1994-04-16,1995-04-16
34155,44155,48479.0,1996-07-12,1997-07-12
34429,44429,51983.0,1997-07-11,1998-07-11
34504,44504,78146.0,1990-12-08,1991-12-08
35483,45483,48357.0,1991-06-05,1992-06-04
34781,44781,40000.0,1996-11-04,1997-11-04
34840,44840,56799.0,2000-01-11,2001-01-10
35022,45022,41502.0,1999-11-15,2000-11-14
35920,45920,40000.0,1990-07-06,1991-07-06
35764,45764,40000.0,1997-10-15,1998-10-15
36126,46126,41438.0,1996-04-10,1997-04-10
36162,46162,64830.0,1986-01-12,1987-01-12
36199,46199,40000.0,1998-03-25,1999-03-25
36550,46550,40000.0,1988-10-19,1989-10-19
36302,46302,61570.0,2000-01-04,2001-01-03
36767,46767,79516.0,1996-02-09,1997-02-08
36707,46707,40000.0,1987-07-17,1988-07-16
36716,46716,40000.0,1997-05-19,1998-05-19
36944,46944,62149.0,1997-11-22,1998-11-22
36829,46829,46983.0,1998-08-19,1999-08-19
37530,47530,85777.0,1997-05-07,1998-05-07
37395,47395,40000.0,1993-12-10,1994-12-10
37454,47454,52989.0,1991-03-19,1992-03-18
37471,47471,53247.0,1995-06-27,1996-06-26
37548,47548,40000.0,1989-12-13,1990-12-13
37586,47586,40000.0,1987-01-17,1988-01-17
38860,48860,40000.0,1993-03-04,1994-03-04
37722,47722,40000.0,1999-11-19,2000-11-18
37835,47835,60000.0,1997-11-07,1998-11-07
38121,48121,40000.0,1995-11-04,1996-11-03
39147,49147,40000.0,1989-07-15,1990-07-15
39421,49421,80101.0,1985-07-08,1986-07-08
39374,49374,42246.0,1999-10-29,2000-10-28
39402,49402,46775.0,1998-05-10,1999-05-10
40372,50372,61914.0,1998-10-30,1999-10-30
39710,49710,40000.0,1999-02-17,2000-02-17
39931,49931,56461.0,1997-10-05,1998-10-05
40242,50242,50373.0,1999-09-02,2000-09-01
40420,50420,59141.0,1997-09-28,1998-09-28
40754,50754,40000.0,1985-10-09,1986-10-09
40515,50515,40000.0,1998-08-11,1999-08-11
41380,51380,75217.0,1996-07-03,1997-07-03
41191,51191,48972.0,1988-01-28,1989-01-27
41211,51211,40000.0,1991-05-24,1992-05-23
41273,51273,72339.0,1996-11-15,1997-11-15
41428,51428,41971.0,1994-08-09,1995-08-09
41733,51733,63107.0,1991-11-25,1992-11-24
41519,51519,77292.0,1993-04-03,1994-04-03
41547,51547,40000.0,1998-11-01,1999-11-01
41752,51752,40000.0,1997-06-18,1998-06-18
42538,52538,77994.0,1999-01-01,2000-01-01
41858,51858,68354.0,1998-02-26,1999-02-26
43157,53157,49549.0,1992-12-04,1993-12-04
42902,52902,60457.0,1995-12-17,1996-12-16
42920,52920,40000.0,1991-12-21,1992-12-20
42999,52999,40000.0,1999-11-09,2000-11-08
43463,53463,40000.0,1999-05-09,2000-05-08
43187,53187,48537.0,1997-10-12,1998-10-12
43710,53710,43080.0,1999-04-09,2000-04-08
43507,53507,50692.0,1996-04-17,1997-04-17
43598,53598,56241.0,1996-12-19,1997-12-19
44035,54035,43726.0,1996-08-12,1997-08-12
43823,53823,40000.0,1994-04-02,1995-04-02
43848,53848,73021.0,1999-01-05,2000-01-05
44317,54317,76428.0,1999-11-12,2000-11-11
44372,54372,40000.0,1995-11-23,1996-11-22
44723,54723,70390.0,1996-10-02,1997-10-02
44481,54481,40261.0,1999-08-25,2000-08-24
45008,55008,40000.0,1993-07-04,1994-07-04
44758,54758,40000.0,1991-06-19,1992-06-18
44835,54835,40000.0,1996-01-06,1997-01-05
46819,56819,49347.0,1989-08-28,1990-08-28
46727,56727,44574.0,1998-02-19,1999-02-19
46912,56912,40000.0,1996-06-01,1997-06-01
46932,56932,40000.0,1997-05-07,1998-05-07
47008,57008,40000.0,1994-03-06,1995-03-06
47116,57116,43282.0,1994-04-17,1995-04-17
47041,57041,71305.0,1995-11-09,1996-11-08
47416,57416,77194.0,1999-02-27,2000-02-27
47445,57445,40000.0,1992-10-01,1993-10-01
47799,57799,40000.0,1995-12-31,1996-12-30
48082,58082,77359.0,1991-01-04,1992-01-04
48439,58439,52737.0,1986-10-12,1987-10-12
48209,58209,40000.0,1999-02-06,2000-02-06
48245,58245,40000.0,1999-10-04,2000-10-03
48487,58487,63787.0,1988-03-10,1989-03-10
48672,58672,47419.0,1998-09-24,1999-09-24
48537,58537,55961.0,1995-10-20,1996-10-19
48701,58701,40000.0,1998-06-16,1999-06-16
48781,58781,40000.0,1999-09-25,2000-09-24
48828,58828,40000.0,1992-04-25,1993-04-25
48889,58889,40000.0,1997-02-16,1998-02-16
48791,58791,47529.0,1989-01-02,1990-01-02
48930,58930,40000.0,1994-12-29,1995-12-29
49180,59180,40000.0,1992-12-02,1993-12-02
49198,59198,40000.0,1996-04-09,1997-04-09
49846,59846,40000.0,1998-02-09,1999-02-09
50473,60473,71003.0,1999-05-31,2000-05-30
50331,60331,41723.0,1990-07-08,1991-07-08
50764,60764,40000.0,1998-10-29,1999-10-29
51357,61357,59210.0,1999-06-04,2000-06-03
51253,61253,40000.0,1996-06-04,1997-06-04
51440,61440,47763.0,1998-02-20,1999-02-20
51674,61674,40000.0,1997-12-07,1998-12-07
52325,62325,42545.0,1988-06-25,1989-06-25
51819,61819,59430.0,2000-01-26,2001-01-25
51890,61890,48739.0,1993-05-23,1994-05-23
52152,62152,51696.0,1994-11-30,1995-11-30
52169,62169,58594.0,1995-03-17,1996-03-16
52344,62344,53778.0,1998-10-01,1999-10-01
52607,62607,68532.0,1985-09-22,1986-09-22
52705,62705,48588.0,1996-09-10,1997-09-10
52731,62731,75071.0,1999-02-15,2000-02-15
52742,62742,65595.0,1988-10-19,1989-10-19
53676,63676,74751.0,1997-07-04,1998-07-04
52797,62797,78975.0,1990-12-03,1991-12-03
53963,63963,49710.0,1992-11-07,1993-11-07
53761,63761,73258.0,1999-09-17,2000-09-16
53837,63837,40000.0,1998-06-14,1999-06-14
54168,64168,52756.0,1997-07-03,1998-07-03
54079,64079,55343.0,1998-12-14,1999-12-14
54158,64158,71989.0,1986-07-09,1987-07-09
54208,64208,52758.0,1995-03-15,1996-03-14
54630,64630,40000.0,1998-07-31,1999-07-31
54409,64409,40000.0,1989-06-25,1990-06-25
54925,64925,40000.0,1991-06-06,1992-06-05
55225,65225,68972.0,1990-07-24,1991-07-24
54993,64993,69060.0,1999-09-09,2000-09-08
55421,65421,48442.0,1993-10-01,1994-10-01
55617,65617,40000.0,1998-10-21,1999-10-21
55432,65432,56708.0,1995-11-06,1996-11-05
55496,65496,53024.0,1999-02-17,2000-02-17
55635,65635,96932.0,1997-06-13,1998-06-13
55663,65663,50166.0,1995-05-26,1996-05-25
55721,65721,56679.0,1986-12-28,1987-12-28
55993,65993,63172.0,1995-10-19,1996-10-18
55787,65787,66634.0,1990-09-20,1991-09-20
55816,65816,40000.0,1997-11-24,1998-11-24
56696,66696,40000.0,1997-10-20,1998-10-20
56578,66578,83109.0,1995-04-26,1996-04-25
57110,67110,53290.0,1992-10-11,1993-10-11
56625,66625,40000.0,1996-10-10,1997-10-10
56874,66874,40000.0,1996-09-05,1997-09-05
56913,66913,40000.0,1996-09-10,1997-09-10
57975,67975,40000.0,1993-07-05,1994-07-05
57169,67169,40000.0,1996-08-10,1997-08-10
57476,67476,40000.0,1999-11-28,2000-11-27
57809,67809,87651.0,1996-08-01,1997-08-01
57838,67838,40000.0,1988-09-24,1989-09-24
58627,68627,60153.0,1994-05-20,1995-05-20
58686,68686,40000.0,1992-02-17,1993-02-16
58969,68969,42440.0,1998-05-15,1999-05-15
58761,68761,56609.0,1995-10-18,1996-10-17
58988,68988,55090.0,1991-12-07,1992-12-06
59910,69910,40773.0,1993-08-08,1994-08-08
59738,69738,57338.0,1993-02-02,1994-02-02
59928,69928,40000.0,1995-04-10,1996-04-09
60510,70510,57450.0,1995-09-12,1996-09-11
60304,70304,40213.0,1999-09-09,2000-09-08
60840,70840,40000.0,1986-10-25,1987-10-25
60617,70617,83566.0,1996-10-03,1997-10-03
60699,70699,41232.0,1992-07-04,1993-07-04
61408,71408,41836.0,1995-06-15,1996-06-14
61316,71316,63817.0,1997-01-03,1998-01-03
61460,71460,40000.0,1996-03-22,1997-03-22
61471,71471,50095.0,1998-02-14,1999-02-14
61499,71499,59696.0,1998-08-16,1999-08-16
61786,71786,72574.0,1995-03-19,1996-03-18
61614,71614,78516.0,1997-05-19,1998-05-19
61634,71634,54063.0,1998-07-19,1999-07-19
62420,72420,40000.0,1995-01-25,1996-01-25
61987,71987,66736.0,1999-02-03,2000-02-03
62288,72288,40000.0,1995-05-15,1996-05-14
63284,73284,40000.0,1993-08-19,1994-08-19
62554,72554,70308.0,1991-06-26,1992-06-25
62883,72883,71288.0,1998-03-16,1999-03-16
63303,73303,40000.0,1999-07-20,2000-07-19
63391,73391,71481.0,1996-03-18,1997-03-18
64224,74224,49094.0,1998-11-15,1999-11-15
63479,73479,55057.0,1998-02-24,1999-02-24
63564,73564,40000.0,1993-08-12,1994-08-12
64213,74213,40000.0,1997-05-29,1998-05-29
64939,74939,40000.0,1997-04-07,1998-04-07
64430,74430,45976.0,2000-01-09,2001-01-08
64798,74798,48239.0,1998-12-14,1999-12-14
65512,75512,51546.0,1999-10-25,2000-10-24
65037,75037,40000.0,1994-02-26,1995-02-26
65102,75102,50074.0,1999-02-06,2000-02-06
65150,75150,75497.0,1989-03-15,1990-03-15
65433,75433,64438.0,1990-03-03,1991-03-03
65468,75468,78037.0,1999-05-25,2000-05-24
65522,75522,51455.0,1988-01-21,1989-01-20
65570,75570,53692.0,1998-06-04,1999-06-04
66398,76398,40000.0,2000-01-31,2001-01-30
65759,75759,40000.0,1999-02-19,2000-02-19
66205,76205,52487.0,1998-09-20,1999-09-20
66251,76251,40000.0,1995-05-06,1996-05-05
66682,76682,48128.0,1997-10-25,1998-10-25
66418,76418,40000.0,1998-06-25,1999-06-25
66468,76468,67534.0,1989-07-28,1990-07-28
66505,76505,47929.0,1995-02-22,1996-02-22
67446,77446,52321.0,1993-12-29,1994-12-29
66806,76806,58261.0,1999-10-14,2000-10-13
67046,77046,42109.0,2000-01-08,2001-01-07
67079,77079,40000.0,1988-12-16,1989-12-16
67087,77087,59323.0,1992-10-12,1993-10-12
67272,77272,72036.0,1997-09-03,1998-09-03
67698,77698,40000.0,1990-07-24,1991-07-24
67524,77524,47193.0,1990-03-04,1991-03-04
67615,77615,63718.0,1999-11-04,2000-11-03
67653,77653,58087.0,1998-06-12,1999-06-12
67707,77707,40000.0,1997-06-16,1998-06-16
67986,77986,40000.0,1997-07-27,1998-07-27
67966,77966,85404.0,1996-05-04,1997-05-04
68398,78398,40000.0,1999-05-12,2000-05-11
68232,78232,46506.0,1996-05-16,1997-05-16
68530,78530,47169.0,1997-12-06,1998-12-06
68549,78549,46778.0,1995-11-05,1996-11-04
69403,79403,44694.0,1998-04-26,1999-04-26
68971,78971,40443.0,1998-10-04,1999-10-04
69059,79059,45456.0,1995-12-30,1996-12-29
69255,79255,40000.0,1998-06-17,1999-06-17
69285,79285,49127.0,1997-09-26,1998-09-26
69412,79412,40000.0,1999-01-22,2000-01-22
69760,79760,69969.0,1993-03-19,1994-03-19
69637,79637,40000.0,1995-11-15,1996-11-14
69804,79804,40706.0,1998-01-21,1999-01-21
70039,80039,40000.0,1995-05-17,1996-05-16
70058,80058,40000.0,1995-04-02,1996-04-01
70159,80159,40000.0,1998-08-22,1999-08-22
70481,80481,40000.0,1991-10-14,1992-10-13
70320,80320,58573.0,1998-05-24,1999-05-24
70985,80985,79174.0,1994-04-29,1995-04-29
70860,80860,40834.0,1999-04-23,2000-04-22
70901,80901,62197.0,1985-10-10,1986-10-10
71043,81043,44303.0,1999-08-04,2000-08-03
71343,81343,82869.0,1998-06-25,1999-06-25
71145,81145,49289.0,1992-10-20,1993-10-20
71262,81262,40000.0,1998-03-20,1999-03-20
71441,81441,51205.0,1986-05-10,1987-05-10
71478,81478,56349.0,2000-01-12,2001-01-11
71564,81564,40000.0,1992-10-28,1993-10-28
71806,81806,61113.0,1995-11-30,1996-11-29
71612,81612,61609.0,1998-11-08,1999-11-08
72694,82694,53551.0,1996-10-19,1997-10-19
72018,82018,40000.0,1990-11-04,1991-11-04
72044,82044,42611.0,1989-02-08,1990-02-08
72063,82063,42422.0,1998-09-06,1999-09-06
72703,82703,42769.0,1996-09-14,1997-09-14
73024,83024,40000.0,2000-01-10,2001-01-09
73097,83097,47889.0,1998-07-26,1999-07-26
73118,83118,40000.0,1998-03-14,1999-03-14
73670,83670,57638.0,1999-01-12,2000-01-12
73185,83185,68301.0,1992-09-07,1993-09-07
74072,84072,54615.0,2000-01-24,2001-01-23
76149,86149,66175.0,1991-02-08,1992-02-08
74155,84155,40000.0,1999-05-25,2000-05-24
74470,84470,40000.0,1998-03-25,1999-03-25
74563,84563,66130.0,1989-08-02,1990-08-02
75068,85068,41419.0,1996-05-29,1997-05-29
75687,85687,58710.0,1998-09-17,1999-09-17
75818,85818,40000.0,1995-02-09,1996-02-09
76587,86587,62382.0,1998-10-19,1999-10-19
76315,86315,112173.0,1997-09-09,1998-09-09
76350,86350,40000.0,1997-09-28,1998-09-28
76425,86425,44647.0,1991-01-26,1992-01-26
76815,86815,50428.0,1995-02-18,1996-02-18
76627,86627,53116.0,1990-06-19,1991-06-19
77143,87143,40000.0,1995-03-29,1996-03-28
77029,87029,50899.0,1999-07-01,2000-06-30
77501,87501,43061.0,1996-01-17,1997-01-16
77760,87760,62958.0,1989-06-08,1990-06-08
77859,87859,54611.0,1998-07-26,1999-07-26
78101,88101,40000.0,2000-01-19,2001-01-18
77988,87988,55628.0,1997-01-12,1998-01-12
78399,88399,40000.0,1997-08-10,1998-08-10
78311,88311,43846.0,1999-06-01,2000-05-31
78672,88672,40000.0,1985-03-26,1986-03-26
79303,89303,40000.0,1998-08-25,1999-08-25
79225,89225,40791.0,1994-10-19,1995-10-19
79368,89368,60657.0,1989-03-18,1990-03-18
79464,89464,62928.0,1990-07-17,1991-07-17
79404,89404,40000.0,1985-03-22,1986-03-22
80073,90073,49663.0,1994-11-09,1995-11-09
79622,89622,51722.0,1997-08-07,1998-08-07
79648,89648,62005.0,1999-03-28,2000-03-27
79756,89756,40000.0,1989-08-29,1990-08-29
81068,91068,66594.0,1997-04-28,1998-04-28
80342,90342,60784.0,1992-02-15,1993-02-14
80651,90651,58227.0,1997-06-13,1998-06-13
80796,90796,40000.0,1992-01-12,1993-01-11
80964,90964,40000.0,1986-03-23,1987-03-23
81961,91961,40000.0,1994-11-02,1995-11-02
81239,91239,40000.0,1997-06-08,1998-06-08
81546,91546,52384.0,1991-07-03,1992-07-02
81860,91860,59129.0,1993-12-10,1994-12-10
82018,92018,81855.0,1998-06-08,1999-06-08
82055,92055,91257.0,1999-09-15,2000-09-14
82709,92709,40000.0,1997-12-24,1998-12-24
82115,92115,40000.0,1985-05-16,1986-05-16
82197,92197,40000.0,1993-08-25,1994-08-25
82217,92217,40000.0,1999-10-10,2000-10-09
82448,92448,40000.0,1996-11-21,1997-11-21
82466,92466,83883.0,1992-09-20,1993-09-20
82934,92934,40000.0,1990-12-08,1991-12-08
82891,92891,40959.0,1992-08-06,1993-08-06
83907,93907,40000.0,1993-01-22,1994-01-22
83072,93072,41803.0,1998-03-22,1999-03-22
83082,93082,59861.0,1990-11-20,1991-11-20
83135,93135,40000.0,1999-12-17,2000-12-16
83441,93441,89516.0,1998-05-10,1999-05-10
83479,93479,48594.0,1999-11-18,2000-11-17
83499,93499,49161.0,1996-08-21,1997-08-21
83916,93916,53040.0,1998-11-07,1999-11-07
83938,93938,117948.0,1999-08-09,2000-08-08
84500,94500,40000.0,1998-10-11,1999-10-11
84128,94128,51632.0,1992-12-11,1993-12-11
84547,94547,42196.0,1995-04-01,1996-03-31
84607,94607,42247.0,1995-10-01,1996-09-30
84615,94615,46985.0,1989-04-29,1990-04-29
85492,95492,40000.0,1988-08-31,1989-08-31
85297,95297,64390.0,1995-11-19,1996-11-18
85337,95337,71069.0,1999-10-07,2000-10-06
85519,95519,40000.0,1990-05-30,1991-05-30
86051,96051,73974.0,1999-05-31,2000-05-30
85575,95575,40000.0,1985-02-18,1986-02-18
85713,95713,97219.0,1990-01-13,1991-01-13
85972,95972,47810.0,1991-07-20,1992-07-19
86819,96819,71896.0,1994-11-13,1995-11-13
86265,96265,40000.0,1997-11-09,1998-11-09
86284,96284,70777.0,1986-06-11,1987-06-11
87066,97066,40000.0,1996-09-23,1997-09-23
87115,97115,43169.0,1993-10-15,1994-10-15
87335,97335,54629.0,1986-03-08,1987-03-08
87191,97191,65699.0,1999-12-26,2000-12-25
87439,97439,50665.0,1990-07-28,1991-07-28
87616,97616,55558.0,1999-05-06,2000-05-05
87595,97595,40000.0,1995-05-19,1996-05-18
88031,98031,40000.0,1999-09-10,2000-09-09
87783,97783,54766.0,1993-01-27,1994-01-27
87811,97811,40509.0,1986-10-11,1987-10-11
87888,97888,43576.0,1995-11-12,1996-11-11
87899,97899,40000.0,1989-02-26,1990-02-26
88177,98177,75699.0,1992-12-29,1993-12-29
88352,98352,72571.0,1988-09-09,1989-09-09
88566,98566,40320.0,1993-12-25,1994-12-25
88586,98586,40000.0,1997-07-08,1998-07-08
88658,98658,65839.0,1989-04-23,1990-04-23
88873,98873,74278.0,2000-01-03,2001-01-02
89469,99469,40000.0,1991-09-08,1992-09-07
89182,99182,57476.0,1999-03-10,2000-03-09
89236,99236,40000.0,1996-11-02,1997-11-02
90454,100454,68257.0,1997-07-08,1998-07-08
89600,99600,53614.0,1995-02-14,1996-02-14
89821,99821,59823.0,1997-05-24,1998-05-24
89920,99920,53582.0,1998-04-03,1999-04-03
89950,99950,88395.0,1996-03-07,1997-03-07
90197,100197,49307.0,1999-02-16,2000-02-16
90385,100385,40000.0,1999-10-14,2000-10-13
90585,100585,49762.0,1998-07-11,1999-07-11
91173,101173,47233.0,1996-02-10,1997-02-09
90612,100612,53632.0,1992-12-13,1993-12-13
90631,100631,47116.0,1999-11-02,2000-11-01
91513,101513,74135.0,1992-05-13,1993-05-13
91303,101303,47095.0,1997-01-11,1998-01-11
92069,102069,40000.0,2000-01-23,2001-01-22
91682,101682,40000.0,1999-09-23,2000-09-22
91923,101923,41129.0,1986-08-03,1987-08-03
92564,102564,62484.0,1997-07-11,1998-07-11
92446,102446,40476.0,1995-07-14,1996-07-13
92854,102854,57833.0,1999-02-23,2000-02-23
93127,103127,46201.0,1992-08-16,1993-08-16
93007,103007,45076.0,1989-08-09,1990-08-09
94734,104734,40000.0,1996-03-17,1997-03-17
93303,103303,40000.0,1995-10-25,1996-10-24
93395,103395,40000.0,1985-05-02,1986-05-02
94234,104234,44071.0,1999-08-05,2000-08-04
94312,104312,74364.0,1987-02-13,1988-02-13
95071,105071,41988.0,1998-07-03,1999-07-03
95657,105657,40000.0,1997-10-18,1998-10-18
95519,105519,40495.0,1990-07-09,1991-07-09
95536,105536,40000.0,1994-06-12,1995-06-12
95592,105592,55753.0,1987-09-08,1988-09-07
95611,105611,40000.0,1996-08-22,1997-08-22
95944,105944,41264.0,1999-02-07,2000-02-07
95870,105870,83589.0,1996-09-10,1997-09-10
96003,106003,70147.0,1992-03-10,1993-03-10
96881,106881,43132.0,1994-03-26,1995-03-26
96521,106521,47577.0,1989-04-27,1990-04-27
96820,106820,40000.0,1991-11-21,1992-11-20
96976,106976,70662.0,1987-01-31,1988-01-31
97583,107583,40000.0,1989-05-26,1990-05-26
97471,107471,52071.0,1997-04-15,1998-04-15
97634,107634,75860.0,1997-06-17,1998-06-17
97643,107643,48040.0,1995-05-10,1996-05-09
98262,108262,44889.0,1993-09-11,1994-09-11
97986,107986,40000.0,1987-12-15,1988-12-14
98523,108523,64745.0,1996-04-09,1997-04-09
98790,108790,50657.0,1994-05-26,1995-05-26
98751,108751,43246.0,1988-02-08,1989-02-07
98857,108857,40000.0,1998-12-31,1999-12-31
99159,109159,50681.0,1996-10-12,1997-10-12
99211,109211,40000.0,1995-11-07,1996-11-06
99257,109257,61002.0,1998-12-08,1999-12-08
99286,109286,40000.0,1991-03-16,1992-03-15
99447,109447,62641.0,1994-09-25,1995-09-25
99702,109702,50882.0,1999-06-07,2000-06-06
100051,200026,40000.0,1991-02-10,1992-02-10
100060,200035,40000.0,1992-02-25,1993-02-24
100092,200067,68585.0,1999-03-03,2000-03-02
100762,200737,60383.0,1986-09-17,1987-09-17
100230,200205,94609.0,1995-12-16,1996-12-15
100269,200244,40000.0,1991-06-27,1992-06-26
100898,200873,59188.0,1992-04-01,1993-04-01
100964,200939,70657.0,1990-05-15,1991-05-15
101136,201111,48926.0,1993-05-20,1994-05-20
101080,201055,74879.0,1993-02-17,1994-02-17
101445,201420,40000.0,1995-10-09,1996-10-08
101354,201329,40000.0,1994-07-10,1995-07-10
101765,201740,40000.0,1999-01-07,2000-01-07
101914,201889,40000.0,1999-07-04,2000-07-03
102313,202288,41795.0,1998-09-28,1999-09-28
102333,202308,59711.0,1993-10-14,1994-10-14
103153,203128,83952.0,1992-12-27,1993-12-27
102381,202356,40000.0,1990-07-08,1991-07-08
102411,202386,86296.0,1992-11-04,1993-11-04
102451,202426,40000.0,1999-04-04,2000-04-03
102793,202768,40000.0,1988-04-30,1989-04-30
102812,202787,58094.0,1996-10-21,1997-10-21
103051,203026,40000.0,1998-02-08,1999-02-08
103088,203063,45575.0,1991-04-24,1992-04-23
103480,203455,41287.0,1994-04-25,1995-04-25
103334,203309,58072.0,1990-11-26,1991-11-26
103452,203427,40828.0,1993-07-28,1994-07-28
103532,203507,40000.0,1990-08-06,1991-08-06
103561,203536,40000.0,1998-10-05,1999-10-05
103699,203674,40000.0,1998-12-23,1999-12-23
104015,203990,59332.0,1992-04-12,1993-04-12
103796,203771,40000.0,1995-08-17,1996-08-16
103842,203817,43685.0,1987-12-11,1988-12-10
104260,204235,47191.0,1999-12-05,2000-12-04
104619,204594,40000.0,1999-02-01,2000-02-01
104410,204385,86101.0,1999-09-23,2000-09-22
104418,204393,52413.0,1996-06-30,1997-06-30
104487,204462,40000.0,1998-10-30,1999-10-30
104505,204480,58395.0,1994-07-05,1995-07-05
104515,204490,45338.0,1998-01-05,1999-01-05
104524,204499,53390.0,1999-09-14,2000-09-13
105576,205551,96592.0,1996-04-11,1997-04-11
104826,204801,86325.0,1995-07-01,1996-06-30
104853,204828,40000.0,1989-01-02,1990-01-02
104873,204848,49826.0,1994-11-24,1995-11-24
105382,205357,40000.0,1987-01-08,1988-01-08
106152,206127,69175.0,1996-02-08,1997-02-07
105760,205735,40000.0,1999-08-20,2000-08-19
106050,206025,67032.0,1997-07-21,1998-07-21
106098,206073,66937.0,1985-03-29,1986-03-29
106358,206333,40000.0,1990-05-04,1991-05-04
106415,206390,40000.0,1995-06-30,1996-06-29
106669,206644,40000.0,1998-08-28,1999-08-28
106520,206495,52861.0,1994-10-26,1995-10-26
106539,206514,40000.0,1997-11-11,1998-11-11
106937,206912,66016.0,1989-05-06,1990-05-06
106977,206952,50622.0,1999-03-02,2000-03-01
107255,207230,40000.0,1992-02-20,1993-02-19
107169,207144,42708.0,1992-12-07,1993-12-07
107284,207259,40000.0,1993-06-23,1994-06-23
107677,207652,89077.0,1996-11-07,1997-11-07
107875,207850,40000.0,1996-08-20,1997-08-20
107935,207910,85948.0,1999-04-04,2000-04-03
108006,207981,52708.0,1999-05-21,2000-05-20
108199,208174,73043.0,1986-11-30,1987-11-30
108046,208021,40000.0,1998-05-25,1999-05-25
108297,208272,66066.0,1998-08-17,1999-08-17
109274,209249,40000.0,1990-08-19,1991-08-19
108354,208329,40000.0,1991-07-02,1992-07-01
108409,208384,66452.0,1999-12-05,2000-12-04
108436,208411,95921.0,1999-09-26,2000-09-25
108736,208711,76413.0,1986-09-07,1987-09-07
108994,208969,51255.0,1999-08-06,2000-08-05
109076,209051,44893.0,1989-08-24,1990-08-24
109330,209305,44808.0,1993-02-08,1994-02-08
109698,209673,57682.0,1997-06-23,1998-06-23
109510,209485,53225.0,1999-06-23,2000-06-22
110896,210871,42914.0,1992-10-01,1993-10-01
109841,209816,48943.0,1997-10-03,1998-10-03
110123,210098,63442.0,1999-11-08,2000-11-07
110162,210137,46794.0,1998-05-05,1999-05-05
110388,210363,70195.0,1989-06-13,1990-06-13
110505,210480,40000.0,1998-07-21,1999-07-21
110722,210697,40000.0,1998-06-14,1999-06-14
110753,210728,60840.0,1996-02-24,1997-02-23
110994,210969,59483.0,1991-12-25,1992-12-24
111262,211237,46409.0,1992-01-29,1993-01-28
111094,211069,40000.0,1993-07-13,1994-07-13
111123,211098,60846.0,1998-08-08,1999-08-08
111270,211245,62997.0,1997-06-18,1998-06-18
111822,211797,40000.0,1993-07-26,1994-07-26
111427,211402,40000.0,1997-09-03,1998-09-03
111467,211442,57835.0,1994-08-05,1995-08-05
111718,211693,51694.0,1992-06-08,1993-06-08
111773,211748,40000.0,1999-04-25,2000-04-24
111852,211827,40000.0,1989-12-02,1990-12-02
111919,211894,52845.0,1993-06-14,1994-06-14
112124,212099,97057.0,1999-10-19,2000-10-18
112462,212437,45250.0,1995-10-06,1996-10-05
112280,212255,40000.0,1994-07-07,1995-07-07
112342,212317,40000.0,1998-03-01,1999-03-01
112351,212326,40000.0,1999-01-08,2000-01-08
112493,212468,42186.0,1994-09-16,1995-09-16
112745,212720,40000.0,1997-05-17,1998-05-17
112640,212615,44798.0,1998-02-10,1999-02-10
112725,212700,41175.0,1997-10-08,1998-10-08
113126,213101,42562.0,1996-02-02,1997-02-01
112934,212909,44934.0,1991-03-02,1992-03-01
113135,213110,40000.0,1998-05-07,1999-05-07
113176,213151,43630.0,1996-12-23,1997-12-23
114037,214012,46953.0,1995-02-20,1996-02-20
113949,213924,60976.0,1993-06-29,1994-06-29
114067,214042,43010.0,1998-08-05,1999-08-05
114123,214098,47882.0,1985-05-20,1986-05-20
114327,214302,40000.0,1996-10-21,1997-10-21
114256,214231,40000.0,1997-09-06,1998-09-06
114265,214240,78234.0,1989-12-09,1990-12-09
114633,214608,40000.0,1998-06-07,1999-06-07
114466,214441,67417.0,1987-12-17,1988-12-16
114495,214470,51565.0,1995-07-14,1996-07-13
114573,214548,65721.0,1994-01-13,1995-01-13
115669,215644,60694.0,1999-08-14,2000-08-13
114773,214748,74390.0,1989-08-04,1990-08-04
115151,215126,50773.0,1995-02-07,1996-02-07
115538,215513,73090.0,1996-05-01,1997-05-01
115933,215908,48867.0,1998-11-28,1999-11-28
115724,215699,40000.0,1987-01-27,1988-01-27
116230,216205,83643.0,1999-05-13,2000-05-12
116871,216846,54131.0,1987-04-29,1988-04-28
116767,216742,48381.0,1999-05-24,2000-05-23
116796,216771,48975.0,1990-08-03,1991-08-03
117125,217100,41810.0,1999-06-26,2000-06-25
116972,216947,58691.0,1987-10-12,1988-10-11
117001,216976,66061.0,1986-12-24,1987-12-24
117173,217148,40000.0,1996-02-19,1997-02-18
117759,217734,66838.0,1999-06-20,2000-06-19
117675,217650,64487.0,1997-10-27,1998-10-27
118084,218059,40000.0,1986-04-13,1987-04-13
117933,217908,47292.0,1998-01-20,1999-01-20
118133,218108,83951.0,1993-07-02,1994-07-02
118170,218145,72991.0,1996-04-01,1997-04-01
119134,219109,42217.0,1997-02-14,1998-02-14
118284,218259,59390.0,1995-09-20,1996-09-19
118343,218318,46809.0,1998-04-16,1999-04-16
118601,218576,44511.0,1997-09-07,1998-09-07
118689,218664,76365.0,1999-08-30,2000-08-29
119689,219664,40000.0,1997-05-22,1998-05-22
120030,220005,40000.0,1986-10-14,1987-10-14
119818,219793,46296.0,1993-06-12,1994-06-12
119895,219870,61421.0,1999-02-11,2000-02-11
120342,220317,46714.0,1986-04-23,1987-04-23
120604,220579,71569.0,1993-04-13,1994-04-13
120557,220532,78153.0,1999-05-22,2000-05-21
120692,220667,55723.0,1999-11-17,2000-11-16
120949,220924,40000.0,1995-05-20,1996-05-19
120851,220826,43017.0,1993-05-18,1994-05-18
121137,221112,57176.0,1999-04-09,2000-04-08
121445,221420,66073.0,1994-05-14,1995-05-14
121262,221237,40000.0,1996-07-02,1997-07-02
122011,221986,40000.0,1997-12-27,1998-12-27
121897,221872,41332.0,1998-01-04,1999-01-04
121935,221910,46134.0,1987-05-21,1988-05-20
121974,221949,40000.0,1993-06-16,1994-06-16
122243,222218,52041.0,1999-08-02,2000-08-01
122291,222266,44268.0,1996-02-26,1997-02-25
122056,222031,51887.0,1996-11-28,1997-11-28
123184,223159,40000.0,1995-06-24,1996-06-23
122309,222284,58189.0,1992-02-17,1993-02-16
122440,222415,60350.0,1993-04-27,1994-04-27
122623,222598,42312.0,1999-12-07,2000-12-06
122932,222907,59611.0,1997-05-02,1998-05-02
122971,222946,55821.0,1993-04-06,1994-04-06
123268,223243,60017.0,1999-06-07,2000-06-06
123335,223310,73898.0,1992-06-28,1993-06-28
123194,223169,65285.0,1997-07-03,1998-07-03
123363,223338,58421.0,1994-09-25,1995-09-25
123625,223600,47254.0,1999-06-24,2000-06-23
123372,223347,56218.0,1998-07-19,1999-07-19
124231,224206,64536.0,1994-06-17,1995-06-17
123801,223776,40000.0,1996-04-16,1997-04-16
123873,223848,59619.0,1992-06-16,1993-06-16
124127,224102,40000.0,1994-03-08,1995-03-08
124417,224392,46232.0,1992-01-03,1993-01-02
124312,224287,40000.0,1999-03-04,2000-03-03
124544,224519,50461.0,1996-03-19,1997-03-19
124985,224960,40000.0,1999-10-09,2000-10-08
125648,225623,40000.0,1999-09-21,2000-09-20
125488,225463,55466.0,1998-08-11,1999-08-11
125496,225471,40000.0,1994-01-07,1995-01-07
125532,225507,56531.0,1997-02-23,1998-02-23
125705,225680,46152.0,1998-08-14,1999-08-14
126246,226221,74141.0,1988-07-17,1989-07-17
126904,226879,44884.0,1998-05-30,1999-05-30
126778,226753,55737.0,1988-11-16,1989-11-16
126823,226798,40000.0,1999-02-10,2000-02-10
126933,226908,40000.0,1997-12-08,1998-12-08
127571,227546,55095.0,1992-04-16,1993-04-16
127409,227384,52605.0,2000-01-18,2001-01-17
127811,227786,40000.0,1999-01-19,2000-01-19
127743,227718,40000.0,1995-07-24,1996-07-23
127873,227848,92950.0,1992-01-23,1993-01-22
127928,227903,49332.0,1998-11-24,1999-11-24
129070,229045,40408.0,1999-04-10,2000-04-09
127975,227950,64062.0,1995-02-07,1996-02-07
127984,227959,70777.0,1992-01-29,1993-01-28
128059,228034,68583.0,1991-01-24,1992-01-24
128396,228371,71206.0,1998-11-15,1999-11-15
128644,228619,65851.0,1986-11-13,1987-11-13
128665,228640,40000.0,1999-08-18,2000-08-17
128674,228649,50612.0,1994-09-29,1995-09-29
128973,228948,73207.0,1987-08-03,1988-08-02
128993,228968,51473.0,1995-11-24,1996-11-23
129117,229092,40301.0,1992-07-10,1993-07-10
129325,229300,50087.0,1995-08-04,1996-08-03
129136,229111,40000.0,1989-10-20,1990-10-20
129364,229339,68315.0,1985-05-25,1986-05-25
129945,229920,54178.0,2000-01-15,2001-01-14
129703,229678,83163.0,1990-07-29,1991-07-29
131195,231170,50856.0,1995-05-04,1996-05-03
130119,230094,77653.0,1989-02-26,1990-02-26
130455,230430,54428.0,1994-01-06,1995-01-06
130465,230440,43935.0,1996-11-02,1997-11-02
130710,230685,40000.0,1997-07-20,1998-07-20
130984,230959,64330.0,1991-12-27,1992-12-26
131022,230997,40000.0,1988-06-27,1989-06-27
131204,231179,42861.0,1992-10-09,1993-10-09
131225,231200,53743.0,1993-03-22,1994-03-22
131557,231532,40000.0,1986-07-28,1987-07-28
131272,231247,61736.0,1994-11-29,1995-11-29
132135,232110,62866.0,1993-07-21,1994-07-21
131594,231569,44008.0,1987-07-12,1988-07-11
131641,231616,40000.0,1998-05-25,1999-05-25
131702,231677,40000.0,1989-07-18,1990-07-18
132434,232409,80444.0,1997-08-08,1998-08-08
132200,232175,64470.0,1993-08-11,1994-08-11
132237,232212,66921.0,1992-07-16,1993-07-16
132463,232438,60527.0,1999-09-12,2000-09-11
132746,232721,40000.0,1990-04-26,1991-04-26
132984,232959,55047.0,1998-06-28,1999-06-28
132827,232802,47113.0,1993-04-10,1994-04-10
132952,232927,80744.0,1992-11-09,1993-11-09
133341,233316,40000.0,1995-10-02,1996-10-01
133993,233968,48622.0,1990-09-28,1991-09-28
134998,234973,40000.0,1997-04-28,1998-04-28
134094,234069,40000.0,1990-08-12,1991-08-12
134131,234106,48339.0,1998-07-03,1999-07-03
134233,234208,52120.0,1996-03-13,1997-03-13
134483,234458,40000.0,1989-09-28,1990-09-28
134716,234691,40000.0,1985-09-07,1986-09-07
134746,234721,77120.0,1997-08-19,1998-08-19
134766,234741,57946.0,1990-12-21,1991-12-21
135147,235122,51381.0,1996-08-09,1997-08-09
135371,235346,72920.0,1987-06-08,1988-06-07
135212,235187,71712.0,1991-07-18,1992-07-17
135379,235354,80966.0,1999-11-08,2000-11-07
135670,235645,107299.0,1985-11-26,1986-11-26
135623,235598,40000.0,1997-05-06,1998-05-06
135720,235695,40000.0,1999-09-17,2000-09-16
135799,235774,40000.0,1998-07-28,1999-07-28
136000,235975,40000.0,1995-11-16,1996-11-15
135952,235927,40000.0,2000-01-06,2001-01-05
136571,236546,71836.0,1997-09-12,1998-09-12
136411,236386,40000.0,1999-07-22,2000-07-21
136427,236402,69266.0,1991-09-13,1992-09-12
137187,237162,40000.0,1997-08-01,1998-08-01
136608,236583,63305.0,1998-09-21,1999-09-21
136618,236593,55236.0,1998-10-02,1999-10-02
136687,236662,45443.0,1991-04-20,1992-04-19
137272,237247,61322.0,1999-01-31,2000-01-31
137549,237524,41918.0,1998-10-02,1999-10-02
138803,238778,78514.0,1999-09-05,2000-09-04
138150,238125,40000.0,1996-10-31,1997-10-31
138408,238383,70124.0,1994-02-27,1995-02-27
138417,238392,40000.0,1993-01-11,1994-01-11
138428,238403,40000.0,1996-08-22,1997-08-22
138460,238435,40000.0,1992-06-16,1993-06-16
138644,238619,44724.0,1986-09-30,1987-09-30
138783,238758,53694.0,1999-05-18,2000-05-17
139414,239389,55232.0,1999-08-20,2000-08-19
139084,239059,61353.0,1988-09-02,1989-09-02
139576,239551,44772.0,1998-06-28,1999-06-28
139451,239426,40000.0,1994-08-09,1995-08-09
139698,239673,46447.0,1999-03-22,2000-03-21
140288,240263,62373.0,1995-05-21,1996-05-20
139746,239721,40000.0,1988-12-01,1989-12-01
140169,240144,55078.0,1997-01-22,1998-01-22
140541,240516,89795.0,1999-06-24,2000-06-23
140514,240489,41141.0,1998-02-03,1999-02-03
140551,240526,59774.0,1997-04-04,1998-04-04
140868,240843,40000.0,1994-02-17,1995-02-17
140736,240711,48524.0,1992-01-03,1993-01-02
140780,240755,69119.0,1985-07-17,1986-07-17
140969,240944,52431.0,1999-04-17,2000-04-16
140821,240796,55163.0,1986-05-11,1987-05-11
141152,241127,53911.0,1991-04-18,1992-04-17
141182,241157,66322.0,1997-11-11,1998-11-11
141230,241205,51119.0,1995-01-26,1996-01-26
141647,241622,68151.0,1998-05-05,1999-05-05
141410,241385,50745.0,1996-10-16,1997-10-16
142143,242118,69828.0,1993-03-17,1994-03-17
142153,242128,40000.0,1995-07-16,1996-07-15
142406,242381,62344.0,2000-01-17,2001-01-16
142254,242229,65658.0,1994-11-04,1995-11-04
142414,242389,40000.0,1998-03-01,1999-03-01
142452,242427,52514.0,1999-08-28,2000-08-27
142501,242476,58205.0,1999-06-23,2000-06-22
143634,243609,48660.0,1999-08-04,2000-08-03
143116,243091,46447.0,1997-09-15,1998-09-15
143379,243354,40000.0,1994-01-18,1995-01-18
143870,243845,89464.0,1994-11-04,1995-11-04
143767,243742,44328.0,1998-09-06,1999-09-06
144347,244322,96614.0,1994-05-09,1995-05-09
144178,244153,92715.0,1994-03-22,1995-03-22
144438,244413,40000.0,1999-05-20,2000-05-19
145567,245542,66630.0,1994-01-13,1995-01-13
144557,244532,58832.0,1999-08-24,2000-08-23
145383,245358,40000.0,1994-08-11,1995-08-11
145391,245366,52967.0,1985-07-08,1986-07-08
145438,245413,70808.0,1993-07-27,1994-07-27
145513,245488,73151.0,1997-08-16,1998-08-16
145654,245629,64801.0,1992-04-15,1993-04-15
146357,246332,51487.0,1999-12-02,2000-12-01
146716,246691,50513.0,1999-06-23,2000-06-22
146536,246511,41462.0,1994-08-29,1995-08-29
146860,246835,40000.0,1993-11-27,1994-11-27
146758,246733,84218.0,1999-05-12,2000-05-11
146794,246769,67027.0,1995-02-22,1996-02-22
147120,247095,52190.0,1996-08-07,1997-08-07
147169,247144,56616.0,1999-11-18,2000-11-17
147180,247155,40000.0,1994-03-24,1995-03-24
147219,247194,40000.0,1993-04-30,1994-04-30
147534,247509,48048.0,1994-04-12,1995-04-12
147800,247775,50012.0,1998-12-02,1999-12-02
147669,247644,45586.0,1996-02-18,1997-02-17
147954,247929,62054.0,1995-10-16,1996-10-15
148217,248192,75637.0,1995-11-11,1996-11-10
148097,248072,67763.0,1999-09-21,2000-09-20
148236,248211,52773.0,1992-01-24,1993-01-23
148257,248232,81411.0,1997-04-07,1998-04-07
148956,248931,92688.0,1995-06-02,1996-06-01
148443,248418,40000.0,1993-02-09,1994-02-09
148451,248426,51393.0,1991-05-23,1992-05-22
148724,248699,48724.0,1989-05-18,1990-05-18
148985,248960,40000.0,1999-11-11,2000-11-10
149271,249246,47180.0,1997-11-30,1998-11-30
149057,249032,82994.0,1991-04-25,1992-04-24
149066,249041,42674.0,1997-11-12,1998-11-12
149130,249105,60554.0,1999-09-08,2000-09-07
150169,250144,61978.0,1991-07-22,1992-07-21
149310,249285,68799.0,1993-01-18,1994-01-18
149338,249313,59958.0,1990-03-08,1991-03-08
149423,249398,52987.0,1985-12-14,1986-12-14
149639,249614,55823.0,1999-08-06,2000-08-05
149709,249684,41058.0,1998-05-31,1999-05-31
149737,249712,67402.0,1997-04-27,1998-04-27
149747,249722,47973.0,1998-07-07,1999-07-07
150553,250528,41455.0,1988-09-19,1989-09-19
150620,250595,80515.0,1997-08-05,1998-08-05
150835,250810,59508.0,1991-12-06,1992-12-05
150865,250840,66387.0,1997-08-12,1998-08-12
151161,251136,40000.0,1999-09-28,2000-09-27
150989,250964,40000.0,1997-11-11,1998-11-11
151179,251154,40000.0,1999-01-23,2000-01-23
151526,251501,41041.0,1987-01-04,1988-01-04
151573,251548,40000.0,1993-10-22,1994-10-22
151648,251623,59206.0,1990-11-18,1991-11-18
152195,252170,49895.0,1994-09-09,1995-09-09
151713,251688,44343.0,1987-03-21,1988-03-20
152079,252054,40000.0,1992-01-05,1993-01-04
152293,252268,42666.0,1994-10-11,1995-10-11
152376,252351,40000.0,1991-05-24,1992-05-23
152416,252391,40000.0,1998-07-30,1999-07-30
152548,252523,41870.0,1993-08-17,1994-08-17
152835,252810,55117.0,1990-11-08,1991-11-08
152855,252830,48164.0,1989-12-13,1990-12-13
152874,252849,81519.0,1995-09-05,1996-09-04
153326,253301,65919.0,1998-01-29,1999-01-29
153116,253091,59277.0,1997-04-04,1998-04-04
153173,253148,65291.0,1988-11-22,1989-11-22
153563,253538,51200.0,1991-06-26,1992-06-25
153392,253367,40112.0,1998-09-24,1999-09-24
153452,253427,40000.0,1993-11-11,1994-11-11
153462,253437,53755.0,1997-03-02,1998-03-02
153488,253463,40000.0,1994-11-02,1995-11-02
153608,253583,40000.0,1999-05-20,2000-05-19
153638,253613,52165.0,1991-07-26,1992-07-25
154287,254262,40000.0,1997-07-12,1998-07-12
153819,253794,40000.0,1996-06-28,1997-06-28
154128,254103,44564.0,1986-05-13,1987-05-13
154641,254616,80855.0,1996-10-18,1997-10-18
154428,254403,59761.0,1995-12-25,1996-12-24
154486,254461,40000.0,2000-01-30,2001-01-29
155668,255643,40000.0,1999-04-01,2000-03-31
155142,255117,50080.0,1997-02-22,1998-02-22
155468,255443,49253.0,1992-12-27,1993-12-27
155513,255488,40000.0,1998-05-22,1999-05-22
155967,255942,65626.0,1998-09-24,1999-09-24
156424,256399,49952.0,1995-01-03,1996-01-03
155828,255803,65700.0,1999-10-01,2000-09-30
156264,256239,40000.0,1992-07-21,1993-07-21
156454,256429,40000.0,1987-01-26,1988-01-26
156806,256781,75241.0,1997-07-28,1998-07-28
156590,256565,78222.0,1992-05-06,1993-05-06
157058,257033,40000.0,1986-05-18,1987-05-18
156865,256840,51810.0,1997-12-12,1998-12-12
156882,256857,58569.0,1998-04-19,1999-04-19
157648,257623,40849.0,1995-11-24,1996-11-23
157515,257490,46467.0,1994-04-15,1995-04-15
157657,257632,71340.0,1991-12-19,1992-12-18
157947,257922,43722.0,1993-08-08,1994-08-08
157848,257823,72840.0,1995-05-12,1996-05-11
158023,257998,77817.0,1992-03-23,1993-03-23
158324,258299,112785.0,1999-04-10,2000-04-09
158112,258087,83033.0,1989-11-05,1990-11-05
158191,258166,40000.0,1985-02-04,1986-02-04
158233,258208,71685.0,1999-06-22,2000-06-21
158254,258229,47224.0,1999-02-04,2000-02-04
159555,259530,40297.0,1988-07-03,1989-07-03
158428,258403,48174.0,1999-12-05,2000-12-04
158549,258524,73140.0,1987-03-16,1988-03-15
159195,259170,65542.0,1999-02-06,2000-02-06
160160,260135,46803.0,1993-02-06,1994-02-06
159753,259728,63680.0,1997-12-18,1998-12-18
160112,260087,72137.0,1987-07-06,1988-07-05
160456,260431,40276.0,1994-08-15,1995-08-15
160340,260315,73453.0,1993-07-19,1994-07-19
161130,261105,60129.0,1993-11-13,1994-11-13
160630,260605,77480.0,1998-05-09,1999-05-09
160716,260691,40000.0,1993-03-18,1994-03-18
160743,260718,58824.0,1998-06-29,1999-06-29
160981,260956,50588.0,1998-04-06,1999-04-06
161008,260983,54570.0,1996-12-27,1997-12-27
161028,261003,41396.0,1998-02-09,1999-02-09
161771,261746,45248.0,1996-04-05,1997-04-05
161242,261217,70168.0,1988-07-08,1989-07-08
162082,262057,65644.0,1999-06-17,2000-06-16
161870,261845,40000.0,1993-11-17,1994-11-17
162090,262065,40000.0,1998-11-15,1999-11-15
162110,262085,59790.0,1992-10-27,1993-10-27
162418,262393,58673.0,1997-01-15,1998-01-15
162653,262628,53517.0,1999-06-15,2000-06-14
162565,262540,40000.0,1988-07-27,1989-07-27
162583,262558,64208.0,1986-11-14,1987-11-14
162698,262673,40000.0,1996-10-27,1997-10-26
162637,262612,60251.0,1999-11-09,2000-11-08
162645,262620,40000.0,1999-09-11,2000-09-10
163040,263015,40000.0,1998-08-16,1999-08-16
162915,262890,65935.0,1999-12-12,2000-12-11
163378,263353,40000.0,1996-04-15,1997-04-15
163698,263673,59802.0,1996-10-15,1997-10-15
163543,263518,40000.0,1985-08-04,1986-08-04
163742,263717,74787.0,1989-10-09,1990-10-09
163909,263884,61771.0,1998-05-22,1999-05-22
163763,263738,44998.0,1991-07-13,1992-07-12
163811,263786,82906.0,1999-08-18,2000-08-17
164331,264306,40000.0,1989-08-25,1990-08-25
164560,264535,40000.0,1986-07-11,1987-07-11
164650,264625,40000.0,1997-07-16,1998-07-16
164945,264920,62772.0,1994-09-08,1995-09-08
165168,265143,71328.0,1994-04-24,1995-04-24
165282,265257,40000.0,2000-01-26,2001-01-25
165291,265266,40000.0,1991-11-15,1992-11-14
165870,265845,40000.0,1994-08-11,1995-08-11
165376,265351,40000.0,1998-12-25,1999-12-25
165702,265677,48815.0,1998-09-07,1999-09-07
165712,265687,40000.0,1999-08-30,2000-08-29
166172,266147,57640.0,1995-10-20,1996-10-19
166076,266051,50079.0,1994-07-11,1995-07-11
166260,266235,55223.0,1998-05-11,1999-05-11
166456,266431,69009.0,1999-01-11,2000-01-11
166282,266257,45294.0,1999-06-17,2000-06-16
166358,266333,52343.0,1996-05-19,1997-05-19
166467,266442,40000.0,1993-01-13,1994-01-13
166881,266856,40000.0,1998-02-01,1999-02-01
167359,267334,53516.0,1992-12-30,1993-12-30
167165,267140,40000.0,1999-06-02,2000-06-01
167927,267902,40000.0,1997-08-01,1998-08-01
167462,267437,40000.0,1999-05-03,2000-05-02
167730,267705,49519.0,1994-10-20,1995-10-20
167740,267715,40750.0,1998-04-05,1999-04-05
167956,267931,45615.0,1993-11-18,1994-11-18
168433,268408,53128.0,1995-06-12,1996-06-11
168155,268130,51966.0,1996-10-17,1997-10-17
168202,268177,40230.0,1995-01-17,1996-01-17
168705,268680,62922.0,1996-07-18,1997-07-18
168587,268562,56386.0,1996-10-23,1997-10-23
168997,268972,40000.0,1989-01-25,1990-01-25
170656,270631,40000.0,1997-09-21,1998-09-21
169276,269251,109252.0,1988-03-30,1989-03-30
169596,269571,40000.0,1991-03-24,1992-03-23
169879,269854,44728.0,1996-01-27,1997-01-26
169972,269947,40000.0,1999-09-08,2000-09-07
170220,270195,51887.0,1999-11-02,2000-11-01
170238,270213,48886.0,1997-11-09,1998-11-09
170501,270476,40000.0,1990-07-23,1991-07-23
171180,271155,70249.0,1992-05-02,1993-05-02
170809,270784,53925.0,1987-01-07,1988-01-07
171014,270989,40000.0,1999-11-23,2000-11-22
171338,271313,40000.0,1990-09-12,1991-09-12
171217,271192,60489.0,1998-12-18,1999-12-18
171783,271758,47944.0,1989-09-04,1990-09-04
171708,271683,40000.0,1997-02-01,1998-02-01
171739,271714,53765.0,1994-02-06,1995-02-06
172560,272535,40000.0,1995-10-20,1996-10-19
172114,272089,40000.0,1986-11-17,1987-11-17
173346,273321,77258.0,1989-05-05,1990-05-05
172477,272452,60967.0,1996-08-17,1997-08-17
172708,272683,46759.0,1998-01-22,1999-01-22
172765,272740,41762.0,1994-05-02,1995-05-02
173385,273360,43634.0,1985-05-04,1986-05-04
173743,273718,66725.0,1994-03-25,1995-03-25
173640,273615,77288.0,1988-09-30,1989-09-30
174036,274011,48022.0,1992-06-12,1993-06-12
174250,274225,40337.0,1999-08-25,2000-08-24
173801,273776,40000.0,1993-04-22,1994-04-22
174827,274802,58015.0,1999-11-29,2000-11-28
174286,274261,44197.0,1988-02-14,1989-02-13
174424,274399,74138.0,1987-08-18,1988-08-17
175157,275132,79717.0,1986-02-16,1987-02-16
175408,275383,46861.0,1992-12-30,1993-12-30
175369,275344,42185.0,1995-05-06,1996-05-05
175424,275399,79046.0,1987-03-07,1988-03-06
175496,275471,60280.0,1988-04-07,1989-04-07
175688,275663,47342.0,1989-01-15,1990-01-15
175698,275673,49341.0,1993-12-28,1994-12-28
176386,276361,46710.0,1999-08-07,2000-08-06
176406,276381,52829.0,1996-02-25,1997-02-24
177394,277369,61649.0,1999-08-31,2000-08-30
176591,276566,46656.0,1994-10-09,1995-10-09
176873,276848,40000.0,1997-04-10,1998-04-10
177193,277168,55640.0,1998-04-06,1999-04-06
177404,277379,51128.0,1999-03-10,2000-03-09
178325,278300,92484.0,1994-10-03,1995-10-03
177529,277504,41996.0,1987-04-18,1988-04-17
177742,277717,57493.0,1997-04-22,1998-04-22
177859,277834,41101.0,1986-01-08,1987-01-08
178071,278046,49364.0,1989-09-09,1990-09-09
179205,279180,40000.0,2000-01-27,2001-01-26
178441,278416,64999.0,1996-10-16,1997-10-16
178740,278715,58499.0,1999-03-06,2000-03-05
178797,278772,45009.0,1995-04-29,1996-04-28
179085,279060,58989.0,1991-12-09,1992-12-08
179520,279495,55338.0,1997-01-23,1998-01-23
179706,279681,55021.0,1993-10-12,1994-10-12
179999,279974,40000.0,1998-01-28,1999-01-28
181043,281018,40000.0,1999-01-31,2000-01-31
179867,279842,45000.0,1994-03-14,1995-03-14
179876,279851,51648.0,1994-02-28,1995-02-28
180261,280236,58675.0,1999-07-25,2000-07-24
181083,281058,40000.0,1999-01-19,2000-01-19
181128,281103,40000.0,1997-09-14,1998-09-14
181145,281120,75025.0,1996-03-09,1997-03-09
181156,281131,49475.0,1998-05-04,1999-05-04
181203,281178,40000.0,1999-07-06,2000-07-05
181214,281189,47543.0,1998-10-20,1999-10-20
181333,281308,40000.0,1991-01-07,1992-01-07
181667,281642,76536.0,1997-12-30,1998-12-30
180887,280862,86814.0,1990-11-24,1991-11-24
181712,281687,40000.0,1997-02-26,1998-02-26
182480,282455,40000.0,1990-01-19,1991-01-19
181648,281623,40000.0,1992-07-07,1993-07-07
182543,282518,40000.0,1997-05-08,1998-05-08
182604,282579,58416.0,1998-09-18,1999-09-18
183213,283188,40000.0,1988-06-10,1989-06-10
182716,282691,46256.0,1996-08-09,1997-08-09
184075,284050,40000.0,1999-02-08,2000-02-08
184101,284076,46903.0,1993-01-15,1994-01-15
184329,284304,40000.0,1997-09-28,1998-09-28
184188,284163,40000.0,1987-01-14,1988-01-14
184982,284957,75446.0,1997-10-08,1998-10-08
184489,284464,91559.0,1999-06-03,2000-06-02
185628,285603,58982.0,1996-03-27,1997-03-27
185128,285103,57944.0,1997-11-02,1998-11-02
185468,285443,52465.0,1996-09-02,1997-09-02
185553,285528,40000.0,1994-07-05,1995-07-05
185674,285649,48375.0,2000-01-06,2001-01-05
185923,285898,93415.0,1998-08-21,1999-08-21
186209,286184,40000.0,1997-10-28,1998-10-28
186183,286158,64766.0,1998-01-01,1999-01-01
186303,286278,82140.0,1994-08-14,1995-08-14
186905,286880,52537.0,1995-04-14,1996-04-13
186414,286389,44979.0,1998-05-10,1999-05-10
186789,286764,40000.0,1997-12-21,1998-12-21
186982,286957,40000.0,1996-05-23,1997-05-23
187483,287458,66895.0,1998-03-09,1999-03-09
187334,287309,53190.0,1991-09-03,1992-09-02
187391,287366,40000.0,1995-08-14,1996-08-13
187890,287865,55425.0,1999-11-15,2000-11-14
187622,287597,52632.0,1998-06-26,1999-06-26
187709,287684,81555.0,1998-03-23,1999-03-23
187916,287891,40000.0,1997-08-26,1998-08-26
187736,287711,40000.0,1997-03-19,1998-03-19
188465,288440,88162.0,1996-09-17,1997-09-17
187975,287950,57567.0,1999-06-03,2000-06-02
188766,288741,47613.0,1994-04-02,1995-04-02
188793,288768,40000.0,1999-10-01,2000-09-30
189112,289087,50867.0,1998-04-08,1999-04-08
189798,289773,53407.0,1999-09-23,2000-09-22
189541,289516,49285.0,1997-12-20,1998-12-20
190106,290081,40000.0,1997-12-06,1998-12-06
189853,289828,58596.0,1988-07-17,1989-07-17
189949,289924,40000.0,1985-07-28,1986-07-28
190123,290098,66327.0,1998-03-23,1999-03-23
190643,290618,40000.0,1987-03-12,1988-03-11
190732,290707,70100.0,1990-11-20,1991-11-20
190743,290718,51770.0,2000-01-23,2001-01-22
191272,291247,83335.0,1990-08-10,1991-08-10
190769,290744,40000.0,1985-06-18,1986-06-18
191281,291256,78845.0,1996-11-11,1997-11-11
192171,292146,40000.0,1998-01-11,1999-01-11
191407,291382,50289.0,1993-07-09,1994-07-09
192245,292220,50458.0,1999-10-26,2000-10-25
192620,292595,40000.0,1988-03-31,1989-03-31
192430,292405,40000.0,1996-01-29,1997-01-28
192838,292813,40000.0,1996-03-05,1997-03-05
192678,292653,55486.0,1999-08-20,2000-08-19
193113,293088,42160.0,1995-03-20,1996-03-19
192989,292964,44052.0,1999-05-13,2000-05-12
193020,292995,58108.0,1995-10-28,1996-10-27
193038,293013,42022.0,1985-06-13,1986-06-13
193139,293114,78643.0,1999-01-19,2000-01-19
193081,293056,61400.0,1995-08-02,1996-08-01
193201,293176,66700.0,1996-07-22,1997-07-22
193837,293812,60164.0,1999-11-18,2000-11-17
193657,293632,68204.0,1987-01-31,1988-01-31
193709,293684,48181.0,1995-04-25,1996-04-24
194409,294384,53525.0,1993-10-27,1994-10-27
194212,294187,82282.0,1998-09-12,1999-09-12
194248,294223,74184.0,1993-10-25,1994-10-25
194338,294313,51554.0,1989-03-28,1990-03-28
194997,294972,57133.0,1998-03-17,1999-03-17
194539,294514,60296.0,1997-11-22,1998-11-22
194603,294578,64542.0,1996-01-20,1997-01-19
195090,295065,40000.0,1992-07-22,1993-07-22
195120,295095,42762.0,1991-04-30,1992-04-29
196599,296574,86303.0,1999-06-14,2000-06-13
195169,295144,76642.0,1993-11-22,1994-11-22
195467,295442,44668.0,1998-08-15,1999-08-15
195518,295493,58898.0,1991-03-16,1992-03-15
195820,295795,93161.0,1985-12-18,1986-12-18
196535,296510,40000.0,1999-05-25,2000-05-24
197659,297634,53349.0,1995-07-17,1996-07-16
196815,296790,40000.0,2000-01-20,2001-01-19
196860,296835,76736.0,1993-03-17,1994-03-17
197141,297116,63884.0,1999-09-25,2000-09-24
197149,297124,40000.0,1995-11-23,1996-11-22
197841,297816,58013.0,1999-04-24,2000-04-23
197667,297642,66757.0,1998-07-15,1999-07-15
197869,297844,57986.0,1999-10-26,2000-10-25
198153,298128,61788.0,1992-04-20,1993-04-20
198104,298079,69168.0,1996-01-28,1997-01-27
198124,298099,62007.0,1998-05-10,1999-05-10
198265,298240,53226.0,1999-01-11,2000-01-11
198770,298745,40000.0,1991-12-31,1992-12-30
198293,298268,40000.0,1995-02-16,1996-02-16
198385,298360,53080.0,1999-02-20,2000-02-20
198615,298590,69162.0,1996-08-23,1997-08-23
198668,298643,88994.0,1996-01-08,1997-01-07
198914,298889,40000.0,1998-12-04,1999-12-04
199411,299386,48991.0,1999-08-29,2000-08-28
199050,299025,40000.0,1994-10-27,1995-10-27
199319,299294,40000.0,1993-01-18,1994-01-18
199785,299760,56880.0,1991-09-27,1992-09-26
199648,299623,96180.0,1988-10-19,1989-10-19
199805,299780,61101.0,1991-05-09,1992-05-08
200044,400019,45065.0,1997-01-08,1998-01-08
199887,299862,40000.0,1986-04-20,1987-04-20
199936,299911,47959.0,1990-08-30,1991-08-30
200743,400718,75940.0,1996-08-01,1997-08-01
200263,400238,40000.0,1985-02-18,1986-02-18
200313,400288,48182.0,1999-12-14,2000-12-13
200769,400744,85236.0,1999-07-22,2000-07-21
201727,401702,40000.0,1999-03-28,2000-03-27
200887,400862,40000.0,1995-09-16,1996-09-15
202370,402345,60904.0,1999-12-25,2000-12-24
201816,401791,64178.0,1990-07-01,1991-07-01
201835,401810,40000.0,1992-10-11,1993-10-11
201852,401827,40300.0,1992-10-14,1993-10-14
201898,401873,93847.0,1989-08-04,1990-08-04
202561,402536,43949.0,1998-11-13,1999-11-13
202378,402353,59541.0,1993-06-20,1994-06-20
202434,402409,40000.0,1996-08-08,1997-08-08
202852,402827,53483.0,1988-02-27,1989-02-26
202780,402755,69461.0,1997-02-05,1998-02-05
203540,403515,83917.0,1999-09-29,2000-09-28
203060,403035,50991.0,1995-04-28,1996-04-27
203570,403545,40000.0,1999-10-24,2000-10-23
203597,403572,68425.0,1999-12-02,2000-12-01
203795,403770,41620.0,1996-01-29,1997-01-28
203873,403848,57562.0,1994-05-10,1995-05-10
204130,404105,74642.0,1988-01-26,1989-01-25
204149,404124,40000.0,1986-11-23,1987-11-23
204159,404134,56676.0,1993-05-20,1994-05-20
204474,404449,45960.0,1988-02-13,1989-02-12
204730,404705,40000.0,1999-06-03,2000-06-02
204640,404615,40000.0,1998-10-28,1999-10-28
205409,405384,45049.0,2000-02-01,2001-01-31
205001,404976,46497.0,1998-01-16,1999-01-16
206052,406027,62172.0,1999-11-18,2000-11-17
205649,405624,40000.0,1996-10-15,1997-10-15
205913,405888,59958.0,1990-07-05,1991-07-05
206993,406968,49034.0,1999-12-28,2000-12-27
206508,406483,40000.0,1993-12-29,1994-12-29
206869,406844,67544.0,1995-05-25,1996-05-24
207023,406998,63842.0,1990-08-23,1991-08-23
208254,408229,40000.0,1999-11-23,2000-11-22
207398,407373,40000.0,1999-11-26,2000-11-25
207520,407495,40000.0,1994-12-03,1995-12-03
208055,408030,62281.0,1999-07-30,2000-07-29
208263,408238,40000.0,1999-12-27,2000-12-26
208285,408260,40000.0,1997-04-06,1998-04-06
208639,408614,40000.0,1999-03-07,2000-03-06
208853,408828,79656.0,1997-08-08,1998-08-08
208725,408700,40000.0,1996-09-30,1997-09-30
208809,408784,50069.0,1999-12-28,2000-12-27
208962,408937,40000.0,1995-06-07,1996-06-06
209827,409802,45633.0,1995-01-01,1996-01-01
209033,409008,42890.0,1995-03-30,1996-03-29
209108,409083,43952.0,1999-08-04,2000-08-03
209640,409615,40000.0,1997-04-26,1998-04-26
209675,409650,40000.0,1989-04-16,1990-04-16
210130,410105,40000.0,1992-08-18,1993-08-18
210148,410123,105233.0,1988-06-15,1989-06-15
210192,410167,59569.0,1992-12-10,1993-12-10
211018,410993,62537.0,1995-07-25,1996-07-24
210263,410238,40000.0,1994-12-21,1995-12-21
210370,410345,45207.0,1999-09-11,2000-09-10
211081,411056,56878.0,1994-05-20,1995-05-20
211165,411140,49499.0,1988-04-01,1989-04-01
211184,411159,53106.0,1989-06-17,1990-06-17
211242,411217,40000.0,1991-10-25,1992-10-24
211655,411630,49497.0,1991-10-20,1992-10-19
211291,411266,40000.0,1998-02-08,1999-02-08
211790,411765,40000.0,1998-12-15,1999-12-15
212389,412364,46465.0,1999-03-18,2000-03-17
211809,411784,40000.0,1998-06-13,1999-06-13
212200,412175,40000.0,1997-06-16,1998-06-16
212228,412203,44773.0,1995-02-28,1996-02-28
212997,412972,73823.0,1994-07-28,1995-07-28
212553,412528,40000.0,1999-07-02,2000-07-01
213032,413007,54302.0,1996-12-23,1997-12-23
213275,413250,44112.0,1992-03-03,1993-03-03
213203,413178,58904.0,1994-11-28,1995-11-28
213310,413285,46449.0,1985-09-19,1986-09-19
213563,413538,85333.0,1989-05-28,1990-05-28
213403,413378,54423.0,1989-07-06,1990-07-06
213458,413433,54664.0,1996-08-06,1997-08-06
213500,413475,66730.0,1994-08-14,1995-08-14
213508,413483,47207.0,1999-06-02,2000-06-01
213672,413647,40000.0,1996-07-15,1997-07-15
213881,413856,40000.0,1998-05-29,1999-05-29
213780,413755,40000.0,1988-11-11,1989-11-11
213789,413764,40000.0,1994-02-27,1995-02-27
214303,414278,59291.0,1999-04-14,2000-04-13
214061,414036,52463.0,1999-11-13,2000-11-12
214465,414440,63291.0,1996-09-13,1997-09-13
214484,414459,40414.0,1995-09-29,1996-09-28
214554,414529,45347.0,1996-11-28,1997-11-28
214571,414546,53242.0,1998-10-03,1999-10-03
215791,415766,72467.0,1992-11-27,1993-11-27
214722,414697,40000.0,1995-03-04,1996-03-03
215252,415227,51297.0,1994-02-06,1995-02-06
216687,416662,66294.0,1998-08-31,1999-08-31
216551,416526,40000.0,1997-06-29,1998-06-29
217646,417621,97361.0,1985-12-25,1986-12-25
216840,416815,70390.0,1999-05-29,2000-05-28
216908,416883,40000.0,1997-08-21,1998-08-21
216964,416939,40000.0,1997-04-08,1998-04-08
217166,417141,83761.0,1999-01-14,2000-01-14
217478,417453,40000.0,1996-05-16,1997-05-16
217654,417629,48069.0,1995-08-29,1996-08-28
217726,417701,66868.0,1993-07-12,1994-07-12
217946,417921,49970.0,1993-09-07,1994-09-07
218272,418247,58604.0,1995-06-30,1996-06-29
218182,418157,40000.0,1998-12-25,1999-12-25
218190,418165,40000.0,1995-01-17,1996-01-17
219919,419894,47818.0,1986-12-20,1987-12-20
219025,419000,92761.0,1996-02-01,1997-01-31
219129,419104,40000.0,1992-09-18,1993-09-18
219358,419333,40000.0,1998-06-03,1999-06-03
219376,419351,45934.0,1985-10-05,1986-10-05
220460,420435,56350.0,1997-02-04,1998-02-04
220339,420314,47552.0,1987-10-07,1988-10-06
220348,420323,60778.0,1996-08-18,1997-08-18
220538,420513,47313.0,1999-03-11,2000-03-10
221057,421032,45050.0,1985-04-11,1986-04-11
220631,420606,40000.0,1997-02-04,1998-02-04
220714,420689,62264.0,1999-09-17,2000-09-16
220929,420904,41472.0,1985-06-02,1986-06-02
221138,421113,47181.0,1988-10-12,1989-10-12
221426,421401,40000.0,1999-04-19,2000-04-18
221322,421297,40000.0,1989-10-13,1990-10-13
221349,421324,40000.0,1999-11-10,2000-11-09
221714,421689,48138.0,1990-01-04,1991-01-04
221984,421959,48944.0,1994-01-10,1995-01-10
221722,421697,40000.0,1987-06-18,1988-06-17
221800,421775,54614.0,1995-09-19,1996-09-18
222061,422036,40000.0,1985-04-28,1986-04-28
222097,422072,46409.0,1999-11-19,2000-11-18
222171,422146,40000.0,1999-05-14,2000-05-13
222124,422099,52982.0,1998-11-25,1999-11-25
222246,422221,40000.0,1995-01-02,1996-01-02
222626,422601,53961.0,1999-06-15,2000-06-14
222401,422376,66071.0,1986-03-11,1987-03-11
222901,422876,51575.0,1997-12-02,1998-12-02
223152,423127,40000.0,1998-12-28,1999-12-28
223169,423144,40000.0,1995-03-12,1996-03-11
223253,423228,81000.0,1997-07-28,1998-07-28
223427,423402,40000.0,1992-10-23,1993-10-23
223330,423305,46163.0,1985-10-24,1986-10-24
223473,423448,70333.0,1997-11-30,1998-11-30
223533,423508,67667.0,1996-10-18,1997-10-18
224087,424062,71224.0,1998-03-23,1999-03-23
223660,423635,40000.0,1985-11-21,1986-11-21
223937,423912,49566.0,1997-07-17,1998-07-17
224011,423986,40000.0,1989-01-04,1990-01-04
224031,424006,67050.0,1996-04-22,1997-04-22
224441,424416,47664.0,1993-05-15,1994-05-15
224344,424319,43258.0,1995-10-05,1996-10-04
224460,424435,43968.0,1999-08-31,2000-08-30
225411,425386,40000.0,1997-05-01,1998-05-01
224587,424562,40000.0,1998-02-20,1999-02-20
225198,425173,53989.0,1997-07-06,1998-07-06
226065,426040,57109.0,2000-01-10,2001-01-09
225490,425465,52076.0,1996-10-22,1997-10-22
225843,425818,40000.0,1999-05-17,2000-05-16
226583,426558,58989.0,1989-05-10,1990-05-10
226200,426175,40000.0,1996-05-18,1997-05-18
226412,426387,61126.0,1999-08-26,2000-08-25
226440,426415,47899.0,1998-04-23,1999-04-23
226542,426517,48758.0,1999-03-23,2000-03-22
226948,426923,60284.0,1995-12-02,1996-12-01
226831,426806,40000.0,1991-12-11,1992-12-10
228252,428227,80556.0,1997-07-17,1998-07-17
227024,426999,58044.0,1990-03-24,1991-03-24
227120,427095,40000.0,1997-12-06,1998-12-06
227488,427463,94872.0,1997-09-16,1998-09-16
228047,428022,40000.0,1996-06-22,1997-06-22
229798,429773,63623.0,1997-10-15,1998-10-15
228348,428323,61169.0,1996-03-12,1997-03-12
228607,428582,47178.0,1992-07-09,1993-07-09
228688,428663,63626.0,1992-03-02,1993-03-02
228969,428944,52028.0,1998-07-21,1999-07-21
228997,428972,42353.0,1990-02-06,1991-02-06
229336,429311,46579.0,1988-09-01,1989-09-01
229634,429609,50085.0,1993-07-19,1994-07-19
230043,430018,52695.0,1990-02-15,1991-02-15
229997,429972,40000.0,1993-12-09,1994-12-09
230663,430638,53525.0,1990-02-07,1991-02-07
230291,430266,45669.0,1998-08-28,1999-08-28
231285,431260,46687.0,1996-08-03,1997-08-03
231393,431368,61927.0,1997-05-14,1998-05-14
231900,431875,46501.0,1994-10-27,1995-10-27
231443,431418,40000.0,1998-08-24,1999-08-24
231452,431427,67904.0,1999-06-15,2000-06-14
231806,431781,40000.0,1988-04-09,1989-04-09
231909,431884,72705.0,1998-12-30,1999-12-30
231824,431799,40000.0,1997-11-24,1998-11-24
232326,432301,41060.0,1998-12-21,1999-12-21
232922,432897,56561.0,1995-06-10,1996-06-09
232433,432408,40000.0,1996-09-06,1997-09-06
232743,432718,47211.0,1989-05-09,1990-05-09
232782,432757,41315.0,1994-10-14,1995-10-14
232821,432796,57325.0,1999-01-22,2000-01-22
233502,433477,60177.0,1999-12-21,2000-12-20
233314,433289,57060.0,1993-01-14,1994-01-14
233887,433862,51304.0,1999-04-29,2000-04-28
234092,434067,52927.0,1999-03-16,2000-03-15
234419,434394,40000.0,1995-01-14,1996-01-14
234313,434288,51575.0,1998-03-16,1999-03-16
234860,434835,40000.0,1994-11-12,1995-11-12
234609,434584,45572.0,1994-12-24,1995-12-24
235080,435055,76452.0,1994-10-10,1995-10-10
235146,435121,97027.0,1997-07-29,1998-07-29
235167,435142,78570.0,1994-04-02,1995-04-02
235368,435343,99918.0,1988-12-31,1989-12-31
236112,436087,68374.0,1998-10-19,1999-10-19
235622,435597,62729.0,1999-08-24,2000-08-23
236641,436616,59235.0,1989-07-09,1990-07-09
236501,436476,40000.0,1993-03-18,1994-03-18
236652,436627,59878.0,1993-05-03,1994-05-03
237544,437519,40000.0,1991-12-29,1992-12-28
236781,436756,40000.0,1998-10-20,1999-10-20
236850,436825,56446.0,1991-06-20,1992-06-19
236910,436885,53159.0,1991-07-14,1992-07-13
237141,437116,40000.0,1998-08-04,1999-08-04
237197,437172,77219.0,1986-12-23,1987-12-23
238213,438188,49306.0,1994-12-18,1995-12-18
237794,437769,57461.0,1996-01-01,1996-12-31
238146,438121,50729.0,1998-11-26,1999-11-26
240075,440050,71284.0,1989-11-21,1990-11-21
238695,438670,74065.0,1996-10-27,1997-10-26
239947,439922,76590.0,1995-11-21,1996-11-20
240000,439975,78354.0,1994-09-28,1995-09-28
240028,440003,40000.0,1999-08-13,2000-08-12
240519,440494,65783.0,1994-10-01,1995-10-01
240266,440241,57833.0,1999-06-30,2000-06-29
240284,440259,87914.0,1999-02-05,2000-02-05
240302,440277,40000.0,1989-10-07,1990-10-07
241068,441043,40000.0,1999-09-22,2000-09-21
240847,440822,40000.0,1988-05-18,1989-05-18
240913,440888,69607.0,1999-10-21,2000-10-20
241115,441090,40000.0,1990-08-12,1991-08-12
241135,441110,40000.0,1996-04-13,1997-04-13
241424,441399,41943.0,1998-01-08,1999-01-08
241732,441707,63527.0,1999-09-28,2000-09-27
241570,441545,40000.0,1998-03-03,1999-03-03
241996,441971,82713.0,1991-11-18,1992-11-17
242031,442006,40000.0,1991-08-14,1992-08-13
242283,442258,67964.0,1997-05-20,1998-05-20
242302,442277,51289.0,1999-10-29,2000-10-28
242339,442314,40000.0,1998-08-10,1999-08-10
242574,442549,68269.0,1997-09-23,1998-09-23
242483,442458,40000.0,1996-05-13,1997-05-13
242630,442605,40000.0,1996-10-26,1997-10-26
243208,443183,43083.0,1989-07-18,1990-07-18
242869,442844,43261.0,1989-04-29,1990-04-29
243070,443045,61688.0,1991-01-14,1992-01-14
243243,443218,53449.0,1998-03-11,1999-03-11
243959,443934,40000.0,1999-02-06,2000-02-06
244768,444743,49423.0,1985-09-10,1986-09-10
244673,444648,86960.0,1997-11-14,1998-11-14
244711,444686,47118.0,1985-06-24,1986-06-24
244849,444824,57883.0,1999-07-01,2000-06-30
244875,444850,56496.0,1998-09-04,1999-09-04
245482,445457,40000.0,1998-05-16,1999-05-16
244986,444961,56363.0,1999-11-11,2000-11-10
245369,445344,40000.0,1998-09-14,1999-09-14
245717,445692,46947.0,1997-01-03,1998-01-03
245738,445713,58322.0,1999-04-29,2000-04-28
245815,445790,40000.0,1988-02-24,1989-02-23
246172,446147,40000.0,1992-04-03,1993-04-03
246385,446360,40000.0,1991-08-21,1992-08-20
246290,446265,57864.0,1991-07-05,1992-07-04
246666,446641,64652.0,1998-09-09,1999-09-09
246493,446468,52014.0,1999-12-13,2000-12-12
246575,446550,40000.0,1997-10-30,1998-10-30
246741,446716,69236.0,1988-08-01,1989-08-01
247209,447184,40000.0,1997-08-30,1998-08-30
247488,447463,59035.0,1999-10-12,2000-10-11
247278,447253,50530.0,1988-05-15,1989-05-15
247399,447374,40000.0,1999-01-01,2000-01-01
247589,447564,66661.0,1999-10-22,2000-10-21
247823,447798,40000.0,1986-01-17,1987-01-17
247720,447695,57508.0,1999-05-11,2000-05-10
247926,447901,45829.0,1993-06-03,1994-06-03
248135,448110,55968.0,1996-10-03,1997-10-03
248389,448364,70649.0,1998-02-18,1999-02-18
248357,448332,54948.0,1989-08-29,1990-08-29
248494,448469,52585.0,1993-10-21,1994-10-21
249050,449025,50012.0,1996-01-17,1997-01-16
248874,448849,40000.0,1998-12-28,1999-12-28
249059,449034,41403.0,1992-09-20,1993-09-20
249640,449615,68984.0,1999-09-02,2000-09-01
249174,449149,43505.0,1991-03-14,1992-03-13
249285,449260,47568.0,2000-01-14,2001-01-13
249538,449513,53680.0,1998-07-05,1999-07-05
249769,449744,40000.0,1996-08-10,1997-08-10
249978,449953,57064.0,1989-02-25,1990-02-25
249929,449904,49582.0,1992-09-30,1993-09-30
250085,450060,40000.0,1994-05-22,1995-05-22
250347,450322,40000.0,1985-02-14,1986-02-14
250153,450128,40000.0,1997-12-15,1998-12-15
250221,450196,76386.0,1985-12-10,1986-12-10
250242,450217,40000.0,1988-06-08,1989-06-08
251233,451208,40000.0,1987-05-31,1988-05-30
250447,450422,40000.0,1988-05-08,1989-05-08
250748,450723,55508.0,1990-10-10,1991-10-10
250757,450732,40000.0,1986-06-13,1987-06-13
250848,450823,57502.0,1998-10-26,1999-10-26
251186,451161,40000.0,1999-09-11,2000-09-10
251321,451296,84402.0,1996-02-09,1997-02-08
251593,451568,40000.0,1998-07-22,1999-07-22
251416,451391,89197.0,1999-01-16,2000-01-16
251437,451412,40000.0,1999-06-13,2000-06-12
251858,451833,79451.0,1988-04-22,1989-04-22
251915,451890,40000.0,1997-08-24,1998-08-24
252359,452334,75955.0,1993-12-30,1994-12-30
251946,451921,40000.0,1998-06-04,1999-06-04
251984,451959,99292.0,1998-02-02,1999-02-02
252094,452069,52266.0,1995-05-27,1996-05-26
252472,452447,60814.0,1997-04-07,1998-04-07
252218,452193,40000.0,1996-12-11,1997-12-11
252570,452545,40000.0,1998-11-15,1999-11-15
252629,452604,40000.0,1991-02-15,1992-02-15
253362,453337,40000.0,1997-10-09,1998-10-09
252656,452631,74509.0,1999-05-06,2000-05-05
253070,453045,60921.0,2000-01-10,2001-01-09
253605,453580,62283.0,1992-02-03,1993-02-02
253878,453853,69179.0,1987-03-08,1988-03-07
253518,453493,49243.0,1988-05-05,1989-05-05
253549,453524,40000.0,1999-06-22,2000-06-21
253720,453695,76682.0,1994-11-18,1995-11-18
253982,453957,52523.0,1998-05-19,1999-05-19
254136,454111,53309.0,1999-02-10,2000-02-10
254451,454426,40000.0,1994-05-07,1995-05-07
254736,454711,51088.0,1997-07-14,1998-07-14
254774,454749,73588.0,1989-03-19,1990-03-19
255196,455171,59318.0,1997-04-13,1998-04-13
254641,454616,70569.0,1999-07-26,2000-07-25
255003,454978,63759.0,1985-06-13,1986-06-13
255960,455935,65197.0,1994-10-19,1995-10-19
255048,455023,48889.0,1994-10-03,1995-10-03
255092,455067,40000.0,1990-08-27,1991-08-27
255676,455651,40000.0,1996-07-24,1997-07-24
256322,456297,52625.0,1987-06-14,1988-06-13
256147,456122,40313.0,1997-03-01,1998-03-01
256174,456149,40000.0,1990-08-21,1991-08-21
256330,456305,72789.0,1989-02-10,1990-02-10
257429,457404,59042.0,1986-04-17,1987-04-17
256896,456871,40000.0,1994-09-23,1995-09-23
256915,456890,45245.0,1985-02-07,1986-02-07
258425,458400,55059.0,1986-07-03,1987-07-03
257706,457681,54443.0,1994-05-20,1995-05-20
258105,458080,61065.0,1997-08-05,1998-08-05
258407,458382,67987.0,1999-08-17,2000-08-16
259159,459134,40000.0,1996-12-31,1997-12-31
258632,458607,43013.0,1987-05-16,1988-05-15
258920,458895,57458.0,1996-06-19,1997-06-19
259437,459412,43928.0,1996-08-11,1997-08-11
259282,459257,40000.0,1997-04-08,1998-04-08
259698,459673,59420.0,1998-07-30,1999-07-30
260027,460002,56248.0,1995-08-30,1996-08-29
259902,459877,54590.0,1991-03-01,1992-02-29
260059,460034,71154.0,1995-01-24,1996-01-24
260113,460088,40000.0,1999-05-05,2000-05-04
260685,460660,79810.0,1996-02-16,1997-02-15
261041,461016,54928.0,1985-06-16,1986-06-16
261666,461641,40000.0,1993-09-20,1994-09-20
261117,461092,70287.0,1999-12-30,2000-12-29
261137,461112,40000.0,1999-09-19,2000-09-18
261202,461177,48302.0,1994-12-05,1995-12-05
261466,461441,60221.0,1989-12-25,1990-12-25
261476,461451,45597.0,1988-02-18,1989-02-17
261557,461532,49744.0,1997-07-19,1998-07-19
261910,461885,40000.0,1992-01-10,1993-01-09
262541,462516,44194.0,1998-06-23,1999-06-23
262107,462082,40971.0,1998-09-16,1999-09-16
262495,462470,50319.0,1997-12-09,1998-12-09
262589,462564,50763.0,1995-03-18,1996-03-17
262899,462874,59041.0,1993-08-05,1994-08-05
262940,462915,40000.0,1999-01-09,2000-01-09
263548,463523,40000.0,1994-09-17,1995-09-17
262987,462962,40000.0,1991-12-06,1992-12-05
263061,463036,71620.0,1987-07-05,1988-07-04
263804,463779,45883.0,1992-06-19,1993-06-19
263650,463625,45308.0,1993-07-15,1994-07-15
263864,463839,49835.0,1990-06-15,1991-06-15
264159,464134,58757.0,1999-04-27,2000-04-26
263951,463926,40000.0,1998-11-14,1999-11-14
263990,463965,82785.0,1999-03-24,2000-03-23
264021,463996,40000.0,1999-06-29,2000-06-28
264048,464023,41745.0,1999-09-18,2000-09-17
264462,464437,40000.0,1988-10-06,1989-10-06
264494,464469,40000.0,1998-08-12,1999-08-12
264511,464486,60248.0,1995-07-16,1996-07-15
264770,464745,40000.0,2000-01-15,2001-01-14
265051,465026,57451.0,1988-05-06,1989-05-06
265109,465084,67336.0,1998-10-08,1999-10-08
266421,466396,69974.0,1988-07-10,1989-07-10
265804,465779,67596.0,1991-07-08,1992-07-07
266127,466102,55167.0,1997-12-31,1998-12-31
266262,466237,67446.0,1997-11-09,1998-11-09
266968,466943,40000.0,1995-07-16,1996-07-15
266816,466791,42330.0,1999-03-01,2000-02-29
266977,466952,41066.0,1988-12-16,1989-12-16
266985,466960,40000.0,1997-05-28,1998-05-28
267251,467226,72434.0,1996-01-08,1997-01-07
267104,467079,50866.0,1996-04-10,1997-04-10
267672,467647,71680.0,1985-05-23,1986-05-23
268624,468599,57113.0,1996-10-10,1997-10-10
267790,467765,75669.0,1995-09-08,1996-09-07
268105,468080,59231.0,1998-09-22,1999-09-22
268125,468100,44481.0,1992-10-19,1993-10-19
268845,468820,40000.0,1995-10-24,1996-10-23
268701,468676,40000.0,1999-10-21,2000-10-20
269507,469482,40000.0,1996-11-17,1997-11-17
269084,469059,40000.0,2000-01-03,2001-01-02
269092,469067,40270.0,1999-02-23,2000-02-23
269767,469742,68985.0,1994-06-29,1995-06-29
269716,469691,69644.0,1994-07-25,1995-07-25
270097,470072,48799.0,1993-09-28,1994-09-28
269972,469947,40000.0,1998-12-02,1999-12-02
270139,470114,45404.0,1999-07-25,2000-07-24
270430,470405,47352.0,1997-10-22,1998-10-22
270227,470202,40000.0,1995-12-05,1996-12-04
270280,470255,51188.0,1993-12-27,1994-12-27
270799,470774,40000.0,1999-11-14,2000-11-13
270530,470505,40000.0,1993-08-20,1994-08-20
270560,470535,40000.0,1997-05-20,1998-05-20
271073,471048,68632.0,1997-10-17,1998-10-17
270966,470941,72922.0,1999-11-19,2000-11-18
271321,471296,44764.0,1991-09-07,1992-09-06
271627,471602,48702.0,1998-02-20,1999-02-20
271469,471444,66925.0,1994-08-03,1995-08-03
271572,471547,53234.0,1993-08-16,1994-08-16
271602,471577,40000.0,1997-03-26,1998-03-26
271656,471631,40418.0,1985-07-31,1986-07-31
271765,471740,67471.0,1985-08-27,1986-08-27
272004,471979,40000.0,1991-07-27,1992-07-26
271853,471828,44150.0,1990-02-04,1991-02-04
272689,472664,66276.0,1999-09-23,2000-09-22
272180,472155,40103.0,1988-03-16,1989-03-16
272527,472502,65850.0,1999-04-24,2000-04-23
273294,473269,77441.0,1991-09-18,1992-09-17
273164,473139,40000.0,1999-04-08,2000-04-07
273180,473155,71408.0,1996-09-07,1997-09-07
273517,473492,76218.0,1997-04-29,1998-04-29
274220,474195,67082.0,2000-01-21,2001-01-20
273681,473656,40000.0,1990-07-27,1991-07-27
274006,473981,78278.0,1987-07-11,1988-07-10
274465,474440,40000.0,1986-08-17,1987-08-17
274393,474368,40000.0,1999-12-03,2000-12-02
274631,474606,99393.0,1995-03-02,1996-03-01
274661,474636,65401.0,1988-01-10,1989-01-09
274953,474928,40000.0,1996-11-05,1997-11-05
274857,474832,67872.0,2000-01-26,2001-01-25
275256,475231,40000.0,1999-12-01,2000-11-30
275378,475353,40000.0,1988-02-15,1989-02-14
275574,475549,48064.0,1999-11-11,2000-11-10
275664,475639,64444.0,1999-01-06,2000-01-06
275761,475736,60301.0,1989-12-29,1990-12-29
275770,475745,56998.0,1999-04-24,2000-04-23
275895,475870,82821.0,1990-11-10,1991-11-10
276547,476522,53435.0,1998-08-10,1999-08-10
276067,476042,65865.0,1995-04-18,1996-04-17
276107,476082,40000.0,1987-05-31,1988-05-30
276864,476839,42976.0,1998-06-04,1999-06-04
277205,477180,52312.0,1996-08-22,1997-08-22
277445,477420,40000.0,1998-07-17,1999-07-17
277472,477447,59101.0,1989-06-13,1990-06-13
277491,477466,40000.0,1998-05-04,1999-05-04
277567,477542,51149.0,1997-09-15,1998-09-15
277751,477726,44476.0,1998-09-16,1999-09-16
277845,477820,101572.0,1992-06-24,1993-06-24
277887,477862,40000.0,1994-09-24,1995-09-24
278132,478107,40000.0,1993-02-07,1994-02-07
278007,477982,52306.0,1999-02-24,2000-02-24
278466,478441,40000.0,1999-08-11,2000-08-10
279006,478981,49155.0,1993-02-27,1994-02-27
278553,478528,40000.0,1992-09-08,1993-09-08
278602,478577,46800.0,1995-09-01,1996-08-31
278611,478586,85174.0,1999-04-28,2000-04-27
279378,479353,64603.0,1992-01-09,1993-01-08
278971,478946,40621.0,2000-01-18,2001-01-17
279263,479238,40000.0,1994-12-27,1995-12-27
279999,479974,49772.0,1995-08-21,1996-08-20
279567,479542,40000.0,1998-11-25,1999-11-25
280019,479994,40000.0,1990-03-16,1991-03-16
281260,481235,48390.0,1989-07-16,1990-07-16
280832,480807,40000.0,1996-09-03,1997-09-03
281879,481854,41258.0,1996-01-16,1997-01-15
281413,481388,40000.0,1995-03-15,1996-03-14
282293,482268,40000.0,1992-08-08,1993-08-08
282181,482156,40000.0,1998-12-26,1999-12-26
282372,482347,53665.0,1998-09-28,1999-09-28
282972,482947,40000.0,1997-07-10,1998-07-10
283188,483163,47387.0,1995-11-10,1996-11-09
282846,482821,61551.0,1998-02-24,1999-02-24
283736,483711,40000.0,1985-03-03,1986-03-03
283617,483592,43602.0,1993-05-19,1994-05-19
283818,483793,86963.0,1993-08-17,1994-08-17
284119,484094,40000.0,1998-05-04,1999-05-04
284010,483985,84277.0,1986-03-18,1987-03-18
284643,484618,40000.0,1987-05-03,1988-05-02
284495,484470,54413.0,1992-07-15,1993-07-15
285383,485358,40000.0,1994-10-12,1995-10-12
284849,484824,40000.0,1993-04-19,1994-04-19
285703,485678,40000.0,1997-06-22,1998-06-22
285933,485908,40000.0,1999-12-19,2000-12-18
285851,485826,47761.0,1986-12-17,1987-12-17
285879,485854,91787.0,1995-04-14,1996-04-13
286543,486518,40000.0,1988-12-15,1989-12-15
286102,486077,71616.0,1994-05-23,1995-05-23
286616,486591,40000.0,2000-01-19,2001-01-18
286661,486636,59233.0,1999-12-12,2000-12-11
286926,486901,47854.0,1998-01-27,1999-01-27
286829,486804,50986.0,1997-02-26,1998-02-26
286838,486813,42661.0,1999-12-15,2000-12-14
287491,487466,75393.0,1990-03-24,1991-03-24
287140,487115,57541.0,1998-12-01,1999-12-01
287359,487334,40000.0,1986-11-10,1987-11-10
287378,487353,40000.0,1998-07-22,1999-07-22
287913,487888,40000.0,1985-06-07,1986-06-07
288142,488117,69196.0,1989-01-29,1990-01-29
287970,487945,61881.0,1993-10-08,1994-10-08
289039,489014,73774.0,1989-12-01,1990-12-01
289170,489145,40000.0,1997-06-23,1998-06-23
289411,489386,44357.0,1991-06-30,1992-06-29
289234,489209,40000.0,1985-04-04,1986-04-04
289478,489453,40000.0,1985-11-14,1986-11-14
290631,490606,51441.0,1991-01-18,1992-01-18
290146,490121,43815.0,1998-01-04,1999-01-04
290500,490475,52067.0,1991-09-14,1992-09-13
290688,490663,62768.0,1985-10-13,1986-10-13
290745,490720,57642.0,1996-08-19,1997-08-19
290948,490923,59139.0,1995-08-02,1996-08-01
290838,490813,73148.0,1995-04-21,1996-04-20
290847,490822,91969.0,1997-12-13,1998-12-13
291047,491022,53703.0,1995-01-05,1996-01-05
291332,491307,62682.0,1998-06-04,1999-06-04
291190,491165,40000.0,1987-02-08,1988-02-08
292229,492204,47492.0,1986-01-17,1987-01-17
291447,491422,40000.0,1988-08-10,1989-08-10
291720,491695,40000.0,1991-05-20,1992-05-19
292137,492112,61115.0,1997-02-17,1998-02-17
292148,492123,46233.0,1993-03-02,1994-03-02
292852,492827,55217.0,1993-10-09,1994-10-09
292727,492702,75887.0,1999-06-25,2000-06-24
292804,492779,40000.0,1998-03-17,1999-03-17
293247,493222,48235.0,1996-07-07,1997-07-07
292968,492943,40000.0,2000-01-25,2001-01-24
292988,492963,91914.0,1995-08-08,1996-08-07
293101,493076,69473.0,1998-11-19,1999-11-19
293639,493614,63291.0,1998-07-31,1999-07-31
293536,493511,40000.0,1989-04-08,1990-04-08
293952,493927,40000.0,1989-02-25,1990-02-25
293794,493769,46420.0,1997-12-20,1998-12-20
294030,494005,79533.0,1998-05-31,1999-05-31
294059,494034,40000.0,1998-09-26,1999-09-26
294692,494667,57312.0,1998-11-13,1999-11-13
294201,494176,56926.0,1998-03-08,1999-03-08
294603,494578,61521.0,1998-05-13,1999-05-13
295060,495035,65014.0,1992-08-27,1993-08-27
294990,494965,65524.0,1997-06-06,1998-06-06
295374,495349,74241.0,1989-06-05,1990-06-05
295508,495483,54235.0,1997-07-24,1998-07-24
295184,495159,50245.0,1998-09-02,1999-09-02
295288,495263,43148.0,1997-12-21,1998-12-21
295587,495562,56989.0,1995-04-19,1996-04-18
295685,495660,49416.0,1996-10-13,1997-10-13
296002,495977,58158.0,1999-03-28,2000-03-27
295882,495857,61685.0,1988-04-03,1989-04-03
296011,495986,77436.0,1995-09-23,1996-09-22
296095,496070,92671.0,1993-05-23,1994-05-23
297360,497335,40000.0,1999-08-02,2000-08-01
296517,496492,41568.0,1988-11-03,1989-11-03
296950,496925,43250.0,1995-05-08,1996-05-07
296970,496945,57760.0,1996-10-05,1997-10-05
296980,496955,71304.0,1998-04-28,1999-04-28
296989,496964,63211.0,1990-01-07,1991-01-07
297006,496981,40000.0,1989-11-30,1990-11-30
297280,497255,40000.0,1999-07-16,2000-07-15
297371,497346,70887.0,1992-04-18,1993-04-18
298325,498300,42687.0,1996-08-20,1997-08-20
297918,497893,70983.0,1995-09-23,1996-09-22
298617,498592,78862.0,1990-06-03,1991-06-03
298539,498514,52562.0,1997-04-28,1998-04-28
298962,498937,40000.0,1997-06-22,1998-06-22
298782,498757,86766.0,1993-12-28,1994-12-28
299071,499046,72688.0,1992-10-12,1993-10-12
299629,499604,54239.0,1997-04-14,1998-04-14
299123,499098,40313.0,1992-08-02,1993-08-02
299740,499715,40000.0,1997-08-20,1998-08-20
299792,499767,48731.0,1999-08-10,2000-08-09
